"VGC id","Name","Platform","Notes","Cart","Box","Manual","Other","Purchased Price","Purchased Date","Added",
"60943","'Splosion Man","Xbox Games Store (X360) [EU]","","No","No","No","No","","0000-00-00","2017-01-24 19:13:17",
"180532","13 Sentinels: Aegis Rim","PlayStation 4 [EU]","","No","No","No","No","","0000-00-00","2022-04-29 08:40:28",
"51882","1945 I & II: The Arcade Games","PlayStation 2 [EU]","","No","No","No","No","0.00","0000-00-00","2015-04-15 17:10:04",
"55700","24: The Game - Steelbook Edition","PlayStation 2 [EU]","","No","No","No","No","0.00","0000-00-00","2015-04-15 13:13:25",
"19326","3rd Birthday, The - Twisted Edition","PlayStation Portable [EU]","","Yes","Yes","Yes","Yes","0.00","0000-00-00","2015-04-12 17:52:54",
"65376","Action Man: Destruction X","PlayStation [EU]","","No","No","No","No","0.00","0000-00-00","2015-04-15 10:08:41",
"63711","After Burner Climax","Xbox Games Store (X360) [EU]","","No","No","No","No","","0000-00-00","2017-01-24 19:15:13",
"42132","Akai Katana","Xbox 360 [EU]","","No","No","No","No","","0000-00-00","2015-04-23 05:06:46",
"47588","Alan Wake - Limited Collector's Edition (K3F00004)","Xbox 360 [EU]","","No","No","No","No","0.00","0000-00-00","2015-04-13 14:52:14",
"102833","Alan Wake's American Nightmare","Xbox Games Store (X360) [EU]","","No","No","No","No","","0000-00-00","2022-12-16 14:17:15",
"81060","Alone in the Dark - Limited Edition [AT][CH][DE]","Xbox 360 [EU]","","No","No","No","No","0.00","0000-00-00","2015-04-13 14:50:46",
"30316","Altered Beast","Sega Mega Drive [EU]","","Yes","Yes","Yes","No","0.00","0000-00-00","2015-04-12 18:01:51",
"41374","Altered Beast","PlayStation 2 [EU]","","No","No","No","No","0.00","0000-00-00","2015-04-15 17:10:10",
"81610","Anarchy Reigns - Limited Edition","Xbox 360 [EU]","","Yes","Yes","Yes","Yes","0.00","0000-00-00","2015-04-12 17:34:36",
"42900","Arcade Smash Hits","Sega Master System [EU]","","No","No","No","No","","0000-00-00","2015-04-13 14:22:09",
"72144","Assassin's Creed","Nintendo DS [EU]","","No","No","No","No","","0000-00-00","2022-02-17 09:55:05",
"124306","Assassin's Creed","Xbox 360 [EU]","","No","No","No","No","","0000-00-00","2015-11-02 09:42:52",
"97119","Assassin's Creed Chronicles","PlayStation 4 [EU]","","No","No","No","No","0.00","0000-00-00","2017-05-18 12:44:48",
"85293","Assassin's Creed II","Xbox 360 [EU]","","No","No","No","No","","0000-00-00","2015-11-02 09:43:04",
"20199","Assassin's Creed II: Discovery","Nintendo DS [EU]","","No","No","No","No","","0000-00-00","2022-02-25 09:12:18",
"34652","Assassin's Creed III","Xbox 360 [EU]","","No","No","No","No","","0000-00-00","2015-11-02 09:43:07",
"47723","Assassin's Creed III: Liberation","PlayStation Vita [EU]","","No","No","No","No","","0000-00-00","2022-02-23 08:36:22",
"74150","Assassin's Creed IV: Black Flag [NL]","Xbox 360 [EU]","","No","No","No","No","","0000-00-00","2019-09-02 14:32:10",
"151572","Assassin's Creed Odyssey","PlayStation 4 [EU]","","No","No","No","No","","0000-00-00","2020-06-09 13:42:48",
"137012","Assassin's Creed Origins (300096480)","PlayStation 4 [EU]","","No","No","No","No","","0000-00-00","2020-06-09 13:42:51",
"212926","Assassin's Creed Rogue [ES]","Xbox 360 [EU]","","No","No","No","No","","0000-00-00","2019-09-01 06:02:34",
"86733","Assassin's Creed Syndicate","PlayStation 4 [EU]","","No","No","No","No","","0000-00-00","2020-05-27 11:20:38",
"69063","Assassin's Creed Unity - Special Edition","PlayStation 4 [EU]","","No","No","No","No","","0000-00-00","2020-06-09 13:42:54",
"186341","Assassin's Creed Valhalla","PlayStation 5 [EU]","","No","No","No","No","","0000-00-00","2023-03-15 20:35:33",
"18178","Assassin's Creed: Bloodlines","PlayStation Portable [EU]","","No","No","No","No","","0000-00-00","2018-11-24 11:51:29",
"20208","Assassin's Creed: Brotherhood","Xbox 360 [EU]","","No","No","No","No","","0000-00-00","2015-11-02 09:43:09",
"50447","Assassin's Creed: Revelations - Special Edition","Xbox 360 [EU]","","No","No","No","No","","0000-00-00","2015-11-02 09:43:11",
"66847","Asura's Wrath","Xbox 360 [EU]","","No","No","No","No","","0000-00-00","2022-03-26 10:11:16",
"199116","Balan Wonderworld","PlayStation 4 [EU]","","No","No","No","No","","0000-00-00","2021-09-24 12:45:00",
"49027","Band Hero - Band Kit","Xbox 360 [EU]","","No","No","No","No","","0000-00-00","2015-04-12 15:36:48",
"235621","Baten Kaitos I & II HD Remaster [UK]","Nintendo Switch [EU]","","No","No","No","No","","0000-00-00","2023-09-16 16:53:39",
"20428","Batman: Arkham Asylum (Villain Challenge Map)","Xbox 360 [EU]","","No","No","No","No","","0000-00-00","2017-03-09 20:07:29",
"41451","Batman: Arkham City [UK]","Xbox 360 [EU]","","No","No","No","No","","0000-00-00","2017-03-09 20:05:52",
"53941","Batman: Arkham Origins [DK][FI][NO][SE]","Xbox 360 [EU]","","No","No","No","No","","0000-00-00","2023-04-21 08:53:06",
"48876","Battlefield 3","PlayStation 3 [EU]","","No","No","No","No","0.00","0000-00-00","2015-04-12 18:09:12",
"47589","Bayonetta - Climax Edition","Xbox 360 [EU]","","Yes","Yes","Yes","Yes","0.00","0000-00-00","2015-04-12 17:34:02",
"136444","Bayonetta 2","Nintendo Switch [EU]","","No","No","No","No","","0000-00-00","2023-01-27 12:48:10",
"179026","Bayonetta 3","Nintendo Switch [EU]","","No","No","No","No","","0000-00-00","2023-04-17 07:31:21",
"237572","Bayonetta Origins: Cereza and the Lost Demon","Nintendo Switch [EU]","","No","No","No","No","","0000-00-00","2024-04-14 14:11:23",
"45492","Beatles, The: Rock Band","Xbox 360 [EU]","","No","No","No","No","0.00","0000-00-00","2015-04-15 13:33:27",
"64777","Beyblade: Let it Rip!","PlayStation [EU]","","No","No","No","No","","0000-00-00","2015-04-13 14:42:20",
"81826","Beyblade: Metal Fusion Cyber Pegasus","Nintendo DS [EU]","","Yes","Yes","Yes","Yes","0.00","0000-00-00","2015-04-12 17:44:13",
"48944","Beyond Good & Evil","Xbox [EU]","","No","No","No","No","0.00","0000-00-00","2015-04-12 18:05:34",
"55222","Beyond: Two Souls","PlayStation 3 [EU]","","No","No","No","No","","0000-00-00","2017-02-09 07:38:42",
"39626","Binary Domain","Xbox 360 [EU]","","No","No","No","No","","0000-00-00","2023-08-29 18:34:04",
"147071","BioShock","Xbox 360 [EU]","","No","No","No","No","","0000-00-00","2021-02-15 09:54:51",
"34079","BioShock 2 - Special Edition","Xbox 360 [EU]","","No","No","No","No","0.00","0000-00-00","2015-04-13 14:52:38",
"51805","Black","Xbox [EU]","","Yes","Yes","Yes","Yes","0.00","0000-00-00","2022-12-10 07:26:57",
"34080","BlazBlue: Calamity Trigger - Limited Edition","Xbox 360 [EU]","","No","No","No","No","","0000-00-00","2015-04-13 14:50:12",
"50448","BlazBlue: Continuum Shift - Limited Edition","Xbox 360 [EU]","","No","No","No","No","","0000-00-00","2015-04-13 14:50:12",
"81976","BlazBlue: Continuum Shift Extend - Limited Edition","Xbox 360 [EU]","","No","No","No","No","0.00","0000-00-00","2015-04-15 13:40:10",
"50396","Blinx: The Time Sweeper","Xbox [EU]","","No","No","No","No","0.00","0000-00-00","2015-04-12 18:04:06",
"80679","Bloodborne","PlayStation 4 [EU]","","No","No","No","No","","0000-00-00","2020-05-27 11:20:42",
"19026","Blue Dragon","Xbox 360 [EU]","","No","No","No","No","","0000-00-00","2021-07-28 08:31:49",
"47871","Blur","Xbox 360 [EU]","","No","No","No","No","","0000-00-00","2022-04-02 07:59:08",
"57913","Braid","Xbox Games Store (X360) [EU]","","No","No","No","No","","0000-00-00","2023-08-24 15:52:20",
"47876","Brütal Legend","Xbox 360 [EU]","","No","No","No","No","0.00","0000-00-00","2015-04-15 10:40:19",
"46100","Bugs Bunny: Lost in Time","PlayStation [EU]","","No","No","No","No","","0000-00-00","2021-07-07 13:53:41",
"31581","Burnout 3: Takedown","PlayStation 2 [EU]","","No","No","No","No","0.00","0000-00-00","2015-04-15 17:15:21",
"49495","Bust-A-Move 3 DX","PlayStation [EU]","","No","No","No","No","0.00","0000-00-00","2015-04-13 14:42:24",
"81988","Call of Duty 4: Modern Warfare - Limited Collector's Edition","Xbox 360 [EU]","","No","No","No","No","0.00","0000-00-00","2015-04-15 13:50:12",
"65458","Call Of Duty: Classic","Xbox Games Store (X360) [EU]","","No","No","No","No","","0000-00-00","2021-08-19 08:44:09",
"81990","Call of Duty: Modern Warfare 2 - Hardened Edition","Xbox 360 [EU]","","No","No","No","No","0.00","0000-00-00","2015-04-15 13:51:19",
"42057","Canis Canem Edit","PlayStation 2 [EU]","","No","No","No","No","","0000-00-00","2020-11-04 09:33:16",
"141091","Captain Toad: Treasure Tracker","Nintendo Switch [EU]","","No","No","No","No","","0000-00-00","2024-03-06 16:47:13",
"181266","Captain Tsubasa: Rise of New Champions","PlayStation 4 [EU]","","No","No","No","No","","0000-00-00","2022-08-27 13:24:33",
"57914","Castle Crashers","Xbox Games Store (X360) [EU]","","No","No","No","No","","0000-00-00","2017-01-24 19:14:52",
"172663","Castlevania: Lords of Shadow - Mirror of Fate HD","Xbox Games Store (X360) [EU]","","No","No","No","No","","0000-00-00","2021-08-19 08:44:29",
"66408","Catherine - Stray Sheep Edition","Xbox 360 [EU]","","No","No","No","No","0.00","0000-00-00","2015-04-13 14:54:03",
"33634","Chaos Legion","PlayStation 2 [EU]","","No","No","No","No","0.00","0000-00-00","2015-04-15 17:14:45",
"32195","Child of Eden","Xbox 360 [EU]","","No","No","No","No","","0000-00-00","2017-08-11 16:06:05",
"33038","Christmas Nights into Dreams... (jewel case)","Sega Saturn [EU]","","No","No","No","No","","0000-00-00","2015-04-12 18:19:19",
"39133","ChuChu Rocket!","Sega Dreamcast [EU]","","No","No","No","No","0.00","0000-00-00","2015-04-12 18:17:33",
"49640","Classic Collection","Sega Mega Drive [EU]","","Yes","Yes","Yes","No","0.00","0000-00-00","2015-04-12 18:02:02",
"49608","Clockwork Knight","Sega Saturn [EU]","","No","No","No","No","","0000-00-00","2015-04-12 18:19:07",
"43394","Clockwork Knight 2","Sega Saturn [EU]","","No","No","No","No","","0000-00-00","2015-04-12 18:19:07",
"153862","Code Vein","PlayStation 4 [EU]","","Yes","Yes","Yes","Yes","0.00","0000-00-00","2020-12-29 12:42:41",
"39097","Comix Zone","Sega Mega Drive [EU]","","Yes","Yes","Yes","No","0.00","0000-00-00","2015-04-12 18:01:58",
"168126","Concrete Genie","PlayStation 4 [EU]","","No","No","No","No","","0000-00-00","2020-04-17 14:44:22",
"46452","Conduit, The - Special Edition","Wii [EU]","","No","No","No","No","0.00","0000-00-00","2015-04-13 14:27:40",
"19379","Crash Bandicoot","PlayStation [EU]","","No","No","No","No","","0000-00-00","2015-04-13 14:33:15",
"19380","Crash Bandicoot 3: Warped","PlayStation [EU]","","No","No","No","No","","0000-00-00","2020-11-03 09:39:20",
"116603","Crash Bandicoot N. Sane Trilogy","PlayStation 4 [EU]","","No","No","No","No","","0000-00-00","2017-11-10 05:49:04",
"31538","Crash Bandicoot: The Wrath of Cortex","PlayStation 2 [EU]","","No","No","No","No","","0000-00-00","2020-12-03 08:57:23",
"62680","Crash Bash - Platinum","PlayStation [EU]","","No","No","No","No","","0000-00-00","2015-04-13 14:33:15",
"90979","Crash Boom Bang!","Nintendo DS [EU]","","No","No","No","No","","0000-00-00","2021-02-15 09:53:51",
"31592","Crash Nitro Kart","PlayStation 2 [EU]","","No","No","No","No","","0000-00-00","2021-01-20 09:06:06",
"82005","Crash of the Titans - Monster Edition","PlayStation 2 [EU]","","No","No","No","No","0.00","0000-00-00","2015-04-15 17:22:10",
"31536","Crash Tag Team Racing","PlayStation 2 [EU]","","No","No","No","No","","0000-00-00","2015-04-15 13:14:53",
"154129","Crash Team Racing: Nitro-Fueled","PlayStation 4 [EU]","","No","No","No","No","","0000-00-00","2019-12-07 12:19:50",
"31537","Crash Twinsanity","PlayStation 2 [EU]","","No","No","No","No","","0000-00-00","2015-04-15 13:14:53",
"60063","Crash: Mind over Mutant","PlayStation 2 [EU]","","No","No","No","No","","0000-00-00","2015-04-15 13:14:53",
"39135","Crazy Taxi","Sega Dreamcast [EU]","","No","No","No","No","","0000-00-00","2021-04-29 16:42:20",
"32679","Crisis Zone","PlayStation 2 [EU]","","No","No","No","No","","0000-00-00","2021-07-29 09:21:06",
"46217","Dark Chronicle","PlayStation 2 [EU]","","No","No","No","No","0.00","0000-00-00","2015-04-15 13:41:55",
"183249","Dark Souls Trilogy","PlayStation 4 [EU]","","Yes","Yes","Yes","Yes","0.00","0000-00-00","2022-11-30 16:43:19",
"39986","Darksiders [BE][NL]","Xbox 360 [EU]","","No","No","No","No","","0000-00-00","2016-10-26 07:41:02",
"30885","Darksiders II","Xbox 360 [EU]","","No","No","No","No","","0000-00-00","2016-10-26 07:41:07",
"41319","Daxter [DK][FI][NO][SE]","PlayStation Portable [EU]","","Yes","Yes","Yes","No","0.00","0000-00-00","2015-04-12 17:49:02",
"119409","Days Gone","PlayStation 4 [EU]","","No","No","No","No","","0000-00-00","2020-12-03 15:13:04",
"24287","Daytona USA","Sega Saturn [EU]","","No","No","No","No","0.00","0000-00-00","2015-04-12 18:20:45",
"49426","Daytona USA 2001","Sega Dreamcast [EU]","","No","No","No","No","0.00","0000-00-00","2015-04-12 18:17:35",
"116604","Death Stranding","PlayStation 4 [EU]","","No","No","No","No","","0000-00-00","2020-12-03 15:13:08",
"22035","Deathsmiles - Deluxe Edition","Xbox 360 [EU]","","No","No","No","No","0.00","0000-00-00","2015-04-12 15:04:11",
"34932","Demon's Souls - Black Phantom Edition","PlayStation 3 [EU]","","No","No","No","No","0.00","0000-00-00","2015-04-12 18:09:14",
"116605","Detroit: Become Human","PlayStation 4 [EU]","","No","No","No","No","","0000-00-00","2018-11-24 11:40:58",
"51252","Devil Dice","PlayStation [EU]","","No","No","No","No","0.00","0000-00-00","2015-04-13 14:38:37",
"30300","Devil May Cry","PlayStation 2 [EU]","","No","No","No","No","","0000-00-00","2015-04-12 15:16:01",
"32190","Devil May Cry 2","PlayStation 2 [EU]","","No","No","No","No","","0000-00-00","2015-04-12 15:16:01",
"34439","Devil May Cry 3: Dante's Awakening: Special Edition","PlayStation 2 [EU]","","No","No","No","No","","0000-00-00","2015-04-12 15:16:01",
"14978","Devil May Cry 4 - Collector's Edition","Xbox 360 [NA]","","No","No","No","No","","0000-00-00","2015-04-12 15:16:29",
"145759","Devil May Cry 5","PlayStation 4 [EU]","","No","No","No","No","","0000-00-00","2020-12-03 15:14:20",
"66911","Dexter's Laboratory: Mandark's Lab","PlayStation [EU]","","No","No","No","No","0.00","0000-00-00","2015-04-15 10:08:38",
"50366","Digimon Rumble Arena","PlayStation [EU]","","No","No","No","No","","0000-00-00","2015-04-13 14:41:26",
"43642","Digimon World - Platinum","PlayStation [EU]","","No","No","No","No","","0000-00-00","2015-04-13 14:41:26",
"65156","Disney DuckTales Remastered","PlayStation 3 [EU]","","No","No","No","No","","0000-00-00","2017-03-19 18:21:54",
"67645","Disney's Action Game Featuring Hercules - Platinum","PlayStation [EU]","","No","No","No","No","0.00","0000-00-00","2015-04-15 10:09:40",
"63814","Disney's Donald Duck PK (ELSPA rating)","PlayStation 2 [EU]","","No","No","No","No","0.00","0000-00-00","2015-04-15 17:25:21",
"92923","Disney's Kim Possible: What's the Switch?","PlayStation 2 [EU]","","No","No","No","No","0.00","0000-00-00","2015-04-15 17:25:23",
"49371","Disney's Toy Story","Sega Mega Drive [EU]","","Yes","Yes","Yes","No","0.00","0000-00-00","2015-04-12 17:58:35",
"22762","Dissidia 012: Duodecim Final Fantasy - Legacy Edition","PlayStation Portable [EU]","","No","No","No","No","","0000-00-00","2015-04-12 17:50:38",
"139336","Dissidia: Final Fantasy NT","PlayStation 4 [EU]","","No","No","No","No","","0000-00-00","2021-12-04 13:22:22",
"46189","DJ Hero","Xbox 360 [EU]","","No","No","No","No","","0000-00-00","2018-11-24 11:53:29",
"46191","DJ Hero 2","Xbox 360 [EU]","","No","No","No","No","","0000-00-00","2015-04-12 15:25:21",
"67717","DmC: Devil May Cry","Xbox 360 [EU]","","No","No","No","No","","0000-00-00","2017-01-17 08:38:20",
"24970","DoDonPachi Resurrection: Deluxe Edition","Xbox 360 [EU]","","No","No","No","No","","0000-00-00","2015-04-12 15:25:58",
"31638","Dog's Life","PlayStation 2 [EU]","","No","No","No","No","","0000-00-00","2020-11-04 09:33:23",
"19778","Dr. Robotnik's Mean Bean Machine","Sega Mega Drive [EU]","","Yes","Yes","Yes","No","0.00","0000-00-00","2015-04-12 17:58:29",
"130207","Dragon Ball FighterZ","PlayStation 4 [EU]","","No","No","No","No","","0000-00-00","2020-12-14 16:28:51",
"49361","Dragon Ball Z","Sega Mega Drive [EU]","","Yes","Yes","Yes","No","0.00","0000-00-00","2015-04-12 17:59:44",
"111422","Dragon Ball Z: Battle of Z","PlayStation 3 [EU]","","No","No","No","No","","0000-00-00","2021-12-31 13:42:23",
"46565","Dragon Ball Z: Budokai","PlayStation 2 [EU]","","No","No","No","No","","0000-00-00","2015-04-15 13:15:44",
"41940","Dragon Ball Z: Budokai 2","PlayStation 2 [EU]","","No","No","No","No","","0000-00-00","2015-04-15 13:15:44",
"68544","Dragon Ball Z: Budokai 3 - Platinum [BE][FR][NL]","PlayStation 2 [EU]","","No","No","No","No","","0000-00-00","2015-04-15 13:15:44",
"39259","Dragon Ball Z: Budokai Tenkaichi","PlayStation 2 [EU]","","No","No","No","No","0.00","0000-00-00","2015-04-18 16:45:00",
"147587","Dragon Ball Z: Budokai Tenkaichi 2","PlayStation 2 [EU]","","No","No","No","No","","0000-00-00","2015-04-15 13:15:44",
"66457","Dragon Ball Z: Budokai Tenkaichi 3","PlayStation 2 [EU]","","No","No","No","No","","0000-00-00","2015-04-15 13:15:44",
"86559","Dragon Ball Z: Burst Limit","PlayStation 3 [EU]","","Yes","Yes","Yes","Yes","0.00","0000-00-00","2018-11-14 17:59:29",
"51889","Dragon Ball Z: Infinite World","PlayStation 2 [EU]","","No","No","No","No","","0000-00-00","2015-04-15 13:15:44",
"28099","Dragon Ball Z: Shin Budokai","PlayStation Portable [EU]","","No","No","No","No","","0000-00-00","2020-10-30 10:19:27",
"115576","Dragon Ball Z: Shin Budokai 2","PlayStation Portable [EU]","","No","No","No","No","","0000-00-00","2022-10-14 16:57:58",
"110259","Dragon Ball Z: Tenkaichi Tag Team","PlayStation Portable [EU]","","No","No","No","No","","0000-00-00","2023-01-13 16:20:48",
"69509","Dragon Ball Z: The Legend [ES]","Sega Saturn [EU]","","No","No","No","No","0.00","0000-00-00","2015-04-12 18:20:47",
"55190","Dragon Ball Z: Ultimate Battle 22","PlayStation [EU]","","No","No","No","No","","0000-00-00","2015-04-13 14:37:26",
"24322","Dragon Ball Z: Ultimate Tenkaichi","PlayStation 3 [EU]","","No","No","No","No","","0000-00-00","2020-10-24 11:04:28",
"51229","Dragon Ball: Final Bout","PlayStation [EU]","","No","No","No","No","","0000-00-00","2015-04-13 14:37:26",
"46818","Dragon Ball: Origins","Nintendo DS [EU]","","Yes","Yes","Yes","No","0.00","0000-00-00","2015-04-12 17:30:06",
"74684","Dragon Ball: Raging Blast","PlayStation 3 [EU]","","No","No","No","No","","0000-00-00","2021-06-30 11:49:17",
"64325","Dragon Ball: Raging Blast 2","PlayStation 3 [EU]","","No","No","No","No","","0000-00-00","2021-10-20 14:36:26",
"54561","Dragon Ball: Revenge of King Piccolo","Wii [EU]","","No","No","No","No","","0000-00-00","2020-10-24 11:04:14",
"19611","Dragon Quest: The Journey of the Cursed King (1820012)","PlayStation 2 [EU]","","No","No","No","No","0.00","0000-00-00","2015-04-15 17:26:52",
"140568","Dragon's Crown Pro","PlayStation 4 [EU]","","No","No","No","No","","0000-00-00","2021-12-21 12:44:23",
"148163","Dreams","PlayStation 4 [EU]","","No","No","No","No","","0000-00-00","2020-12-29 12:41:48",
"73579","Driveclub","PlayStation 4 [EU]","","No","No","No","No","","0000-00-00","2022-03-19 16:11:24",
"131273","Elder Scrolls V, The: Skyrim","Xbox 360 [EU]","","Yes","Yes","Yes","Yes","","0000-00-00","2016-10-26 07:41:14",
"46466","Enslaved: Odyssey to the West","Xbox 360 [EU]","","No","No","No","No","","0000-00-00","2021-02-23 09:37:11",
"41495","Eternal Sonata","Xbox 360 [EU]","","No","No","No","No","0.00","0000-00-00","2015-04-13 14:47:31",
"126288","EyeToy: Play","PlayStation 2 [EU]","","No","No","No","No","0.00","0000-00-00","2015-04-15 17:29:09",
"51669","EyeToy: Play 2","PlayStation 2 [EU]","","No","No","No","No","","0000-00-00","2021-10-25 13:32:02",
"45616","EyeToy: Play 3","PlayStation 2 [EU]","","No","No","No","No","","0000-00-00","2021-10-25 13:32:02",
"105205","F355 Challenge: Passione Rossa","Sega Dreamcast [EU]","","No","No","No","No","","0000-00-00","2020-09-03 08:18:38",
"36446","Fable","Xbox [EU]","","No","No","No","No","0.00","0000-00-00","2015-04-12 18:05:12",
"24971","Fable II","Xbox 360 [EU]","","No","No","No","No","","0000-00-00","2022-03-26 10:11:27",
"60173","Fable III - Limited Collector's Edition","Xbox 360 [EU]","","No","No","No","No","0.00","0000-00-00","2015-04-15 10:42:28",
"55592","Fahrenheit","Xbox [EU]","","No","No","No","No","0.00","0000-00-00","2015-04-12 18:05:09",
"51471","Fallout: New Vegas","PlayStation 3 [EU]","","No","No","No","No","0.00","0000-00-00","2015-04-12 18:09:17",
"39256","FantaVision","PlayStation 2 [EU]","","No","No","No","No","","0000-00-00","2020-12-23 09:18:10",
"211070","FIFA 06 [IL]","PlayStation 2 [EU]","","No","No","No","No","","0000-00-00","2022-10-14 16:59:46",
"48775","FIFA 07","PlayStation 2 [EU]","","No","No","No","No","","0000-00-00","2015-04-15 17:29:54",
"47937","FIFA 09 [SE][FI][DK][NO]","Xbox 360 [EU]","","No","No","No","No","","0000-00-00","2015-04-12 15:36:14",
"42388","FIFA 11","Xbox 360 [EU]","","No","No","No","No","","0000-00-00","2015-04-12 15:36:14",
"46460","FIFA 12 [PL]","Xbox 360 [EU]","","No","No","No","No","","0000-00-00","2015-04-12 15:36:14",
"32102","FIFA 13","Xbox 360 [EU]","","No","No","No","No","","0000-00-00","2015-04-12 15:36:14",
"51809","FIFA 14","PlayStation 3 [EU]","","No","No","No","No","","0000-00-00","2015-04-12 15:35:39",
"91450","FIFA 15 [NL][FR]","PlayStation 3 [EU]","","No","No","No","No","","0000-00-00","2018-11-24 11:44:35",
"90547","FIFA 16","PlayStation 4 [EU]","","Yes","Yes","Yes","Yes","0.00","2015-09-23","2015-10-10 11:05:35",
"112939","FIFA 17","PlayStation 4 [EU]","","Yes","Yes","Yes","Yes","39.99","2016-11-26","2016-11-29 17:36:11",
"133760","FIFA 18","PlayStation 4 [EU]","","No","No","No","No","","0000-00-00","2017-12-02 09:28:08",
"170959","FIFA 20","PlayStation 4 [EU]","","Yes","Yes","Yes","Yes","0.00","0000-00-00","2019-12-08 10:34:21",
"51322","FIFA 2000 [DE]","PlayStation [EU]","","No","No","No","No","","0000-00-00","2015-04-15 10:10:22",
"49501","FIFA 99","PlayStation [EU]","","No","No","No","No","","0000-00-00","2015-04-15 10:10:22",
"48769","FIFA Football 2004","PlayStation 2 [EU]","","No","No","No","No","","0000-00-00","2015-04-15 17:29:54",
"48156","FIFA Football 2005","PlayStation 2 [EU]","","No","No","No","No","","0000-00-00","2022-10-14 16:59:46",
"58161","FIFA Street","PlayStation 2 [EU]","","No","No","No","No","","0000-00-00","2015-04-15 17:29:54",
"48157","FIFA Street 2","PlayStation 2 [EU]","","No","No","No","No","","0000-00-00","2015-04-15 17:29:54",
"65520","FIFA: Road to World Cup 98","PlayStation [EU]","","No","No","No","No","","0000-00-00","2015-04-15 10:10:22",
"24297","Fighters Megamix","Sega Saturn [EU]","","No","No","No","No","","0000-00-00","2015-04-12 18:19:45",
"20612","Final Fantasy IV: The Complete Collection [UK]","PlayStation Portable [EU]","","No","No","No","No","","0000-00-00","2015-04-12 17:50:38",
"15227","Final Fantasy Origins","PlayStation [EU]","","No","No","No","No","0.00","0000-00-00","2015-04-13 14:36:44",
"15230","Final Fantasy VII","PlayStation [EU]","","No","No","No","No","0.00","0000-00-00","2015-04-13 14:36:41",
"15250","Final Fantasy X (ELSPA rating)","PlayStation 2 [EU]","","No","No","No","No","","0000-00-00","2015-04-15 17:30:23",
"15251","Final Fantasy X-2","PlayStation 2 [EU]","","No","No","No","No","","0000-00-00","2017-01-17 08:38:10",
"15253","Final Fantasy XII","PlayStation 2 [EU]","","No","No","No","No","","0000-00-00","2015-04-15 17:30:23",
"53766","Final Fantasy XIII - Collector's Edition","Xbox 360 [EU]","","No","No","No","No","","0000-00-00","2015-04-13 14:46:49",
"53770","Final Fantasy XIII-2 - Limited Collector's Edition","Xbox 360 [EU]","","No","No","No","No","","0000-00-00","2015-04-13 14:47:06",
"93054","Final Fantasy XV","PlayStation 4 [EU]","","No","No","No","No","","0000-00-00","2017-05-31 15:22:09",
"15613","Folklore","PlayStation 3 [EU]","None","Yes","Yes","No","No","0.00","0000-00-00","2021-05-11 14:03:28",
"81985","Forza Motorsport 2 - Limited Collector's Edition","Xbox 360 [EU]","","No","No","No","No","0.00","0000-00-00","2015-04-15 13:47:58",
"45476","Forza Motorsport 3 - Limited Collector's Edition","Xbox 360 [EU]","","No","No","No","No","","0000-00-00","2015-04-12 15:44:06",
"46455","Forza Motorsport 4 - Limited Collector's Edition","Xbox 360 [EU]","","No","No","No","No","","0000-00-00","2022-03-22 10:25:50",
"72524","Freedom Fighters","Xbox [EU]","","No","No","No","No","","0000-00-00","2023-12-20 16:41:35",
"41453","Gears of War - Limited Collector's Edition","Xbox 360 [EU]","","No","No","No","No","","0000-00-00","2015-04-12 15:40:02",
"60492","Gears of War 2 - Limited Edition","Xbox 360 [EU]","","No","No","No","No","","0000-00-00","2017-05-10 15:50:28",
"78881","Gears of War 3 - Epic Edition","Xbox 360 [EU]","","No","No","No","No","","0000-00-00","2015-04-12 15:40:02",
"73202","Gears of War: Judgment [AT][CH]","Xbox 360 [EU]","","No","No","No","No","","0000-00-00","2020-10-24 11:04:48",
"45536","Genji","PlayStation 2 [EU]","","No","No","No","No","","0000-00-00","2020-12-23 09:18:39",
"76519","Genji: Days of the Blade","PlayStation 3 [EU]","","No","No","No","No","","0000-00-00","2021-04-13 09:47:24",
"31514","Getaway, The (BBFC rating)","PlayStation 2 [EU]","","No","No","No","No","","0000-00-00","2020-11-03 09:39:38",
"38198","Getaway, The: Black Monday","PlayStation 2 [EU]","","No","No","No","No","","0000-00-00","2023-09-02 10:38:09",
"72002","Ghost Squad","Wii [EU]","","No","No","No","No","","0000-00-00","2021-04-20 09:38:08",
"58448","Ghosthunter","PlayStation 2 [EU]","","No","No","No","No","","0000-00-00","2020-11-13 17:31:21",
"46220","God Hand","PlayStation 2 [EU]","","No","No","No","No","0.00","0000-00-00","2015-04-12 18:23:29",
"119411","God of War","PlayStation 4 [EU]","","No","No","No","No","","0000-00-00","2018-11-24 11:40:41",
"134061","God of War [GR][PT][RU]","PlayStation 2 [EU]","","No","No","No","No","","0000-00-00","2020-11-18 13:27:12",
"19194","God of War Collection [UK]","PlayStation 3 [EU]","","No","No","No","No","","0000-00-00","2017-04-26 09:58:44",
"55308","God of War Collection: Volume II - Classics HD","PlayStation 3 [EU]","","No","No","No","No","","0000-00-00","2017-04-26 09:58:44",
"42323","God of War II","PlayStation 2 [EU]","","No","No","No","No","","0000-00-00","2015-04-12 15:13:52",
"53306","God of War III - Collector's Edition","PlayStation 3 [EU]","","No","No","No","No","","0000-00-00","2015-04-12 15:13:52",
"53318","God of War: Ascension - Special Edition","PlayStation 3 [EU]","","No","No","No","No","","0000-00-00","2019-10-17 10:06:08",
"44161","God of War: Chains of Olympus [DK][FI][NO][SE]","PlayStation Portable [EU]","","No","No","No","No","","0000-00-00","2015-04-12 15:14:35",
"46165","God of War: Ghost of Sparta [IT]","PlayStation Portable [EU]","","No","No","No","No","","0000-00-00","2019-11-11 08:11:59",
"65375","Godfather, The - Limited Edition","PlayStation 2 [EU]","","No","No","No","No","","0000-00-00","2021-03-04 03:13:13",
"49546","Golden Sun: The Lost Age","Game Boy Advance [EU]","None","Yes","Yes","Yes","No","0.00","0000-00-00","2015-04-12 15:29:04",
"63111","Gran Turismo - Collector's Edition","PlayStation Portable [EU]","","Yes","Yes","Yes","Yes","0.00","0000-00-00","2015-04-12 17:51:11",
"30299","Gran Turismo 3: A-Spec","PlayStation 2 [EU]","","No","No","No","No","","0000-00-00","2024-08-24 17:55:36",
"15205","Gran Turismo 4","PlayStation 2 [EU]","","No","No","No","No","","0000-00-00","2021-03-04 03:14:08",
"53501","Gran Turismo 5 - Signature Edition","PlayStation 3 [EU]","","No","No","No","No","0.00","0000-00-00","2015-04-12 18:09:19",
"15670","Gran Turismo 5 Prologue","PlayStation 3 [EU]","","No","No","No","No","","0000-00-00","2021-11-07 11:54:12",
"51905","Gran Turismo 6","PlayStation 3 [EU]","","No","No","No","No","","0000-00-00","2022-07-23 05:00:34",
"31532","Gran Turismo Concept 2002 Tokyo-Geneva","PlayStation 2 [EU]","","No","No","No","No","","0000-00-00","2022-03-22 10:25:34",
"144687","Gran Turismo Sport","PlayStation 4 [EU]","","No","No","No","No","","0000-00-00","2023-04-14 16:53:17",
"31590","Grand Theft Auto III","PlayStation 2 [EU]","","No","No","No","No","0.00","0000-00-00","2015-04-18 16:46:31",
"41491","Grand Theft Auto IV","Xbox 360 [EU]","","No","No","No","No","0.00","0000-00-00","2015-04-12 18:12:45",
"48409","Grand Theft Auto V [DE]","PlayStation 3 [EU]","","No","No","No","No","0.00","0000-00-00","2015-04-12 18:12:48",
"147004","Grand Theft Auto: Chinatown Wars","PlayStation Portable [EU]","","Yes","Yes","Yes","Yes","","0000-00-00","2023-10-12 04:40:46",
"45478","Grand Theft Auto: Episodes From Liberty City","Xbox 360 [EU]","","No","No","No","No","0.00","0000-00-00","2015-04-12 18:12:50",
"51505","Grand Theft Auto: Liberty City Stories","PlayStation Portable [EU]","","No","No","No","No","","0000-00-00","2021-09-23 12:14:32",
"42060","Grand Theft Auto: San Andreas - Platinum","PlayStation 2 [EU]","","No","No","No","No","0.00","0000-00-00","2015-04-12 18:12:53",
"31611","Grand Theft Auto: Vice City [UK]","PlayStation 2 [EU]","","Yes","Yes","Yes","Yes","0.00","0000-00-00","2017-01-17 08:37:44",
"44162","Grand Theft Auto: Vice City Stories","PlayStation Portable [EU]","None","Yes","Yes","Yes","Yes","7.90","2016-12-30","2017-01-17 08:42:02",
"108609","Gravity Rush 2","PlayStation 4 [EU]","","No","No","No","No","","0000-00-00","2020-06-03 14:57:41",
"91926","Gravity Rush Remastered","PlayStation 4 [EU]","","No","No","No","No","","0000-00-00","2020-03-20 08:10:00",
"46824","Guitar Hero 5","Xbox 360 [EU]","","No","No","No","No","","0000-00-00","2023-04-21 08:53:14",
"34140","Guitar Hero II","Xbox 360 [EU]","","No","No","No","No","","0000-00-00","2023-04-21 08:53:17",
"47951","Guitar Hero III: Legends of Rock [SE][FI][NO][DK]","Xbox 360 [EU]","","No","No","No","No","","0000-00-00","2017-03-12 13:51:15",
"46187","Guitar Hero World Tour","Xbox 360 [EU]","","No","No","No","No","","0000-00-00","2021-10-07 14:11:11",
"47956","Guitar Hero: Metallica","Xbox 360 [EU]","","No","No","No","No","","0000-00-00","2015-04-12 15:36:48",
"47952","Guitar Hero: Warriors of Rock","Xbox 360 [EU]","","No","No","No","No","","0000-00-00","2022-10-14 16:58:38",
"69544","Gunstar Future Heroes","Game Boy Advance [EU]","None","Yes","Yes","Yes","No","0.00","0000-00-00","2015-04-12 15:45:20",
"46213","Halo 2","Xbox [EU]","","No","No","No","No","","0000-00-00","2017-02-09 07:38:32",
"49758","Halo 3 - Limited Edition","Xbox 360 [EU]","","No","No","No","No","","0000-00-00","2015-04-12 15:38:56",
"81750","Halo 3: ODST - Special Edition","Xbox 360 [EU]","","No","No","No","No","","0000-00-00","2015-04-12 15:38:36",
"59583","Halo 4 - Limited Edition","Xbox 360 [EU]","","No","No","No","No","","0000-00-00","2015-04-12 15:38:36",
"225874","Halo Infinite","Xbox One [EU]","","Yes","Yes","Yes","Yes","0.00","0000-00-00","2022-12-07 17:55:46",
"34194","Halo: Combat Evolved","Xbox [EU]","","No","No","No","No","","0000-00-00","2017-02-09 07:38:36",
"46114","Halo: Combat Evolved Anniversary","Xbox 360 [EU]","","No","No","No","No","","0000-00-00","2015-04-12 15:38:36",
"59582","Halo: Reach - Limited Edition","Xbox 360 [EU]","","No","No","No","No","","0000-00-00","2015-04-12 15:38:36",
"29582","Headhunter","Sega Dreamcast [EU]","","No","No","No","No","0.00","0000-00-00","2015-04-12 18:18:10",
"77428","Headhunter: Redemption","Xbox [EU]","","No","No","No","No","","0000-00-00","2023-12-20 16:41:06",
"215382","Heavenly Sword","PlayStation 3 [EU]","","No","No","No","No","0.00","0000-00-00","2015-04-12 18:09:21",
"28281","Heavy Rain - Special Edition [DE]","PlayStation 3 [EU]","","No","No","No","No","","0000-00-00","2016-11-14 09:48:53",
"152593","Hellblade: Senua’s Sacrifice [UK]","PlayStation 4 [EU]","","No","No","No","No","","0000-00-00","2020-03-17 09:20:46",
"47963","Hexic HD","Xbox Games Store (X360) [EU]","","No","No","No","No","","0000-00-00","2017-01-24 19:20:26",
"82228","Hitman: The Triple Hit Pack","PlayStation 2 [EU]","","No","No","No","No","0.00","0000-00-00","2015-04-18 16:53:35",
"207780","Horizon Chase Turbo: Senna Sempre - Edição Especial","PlayStation 4 [BR]","","No","No","No","No","","0000-00-00","2025-02-17 14:34:07",
"87558","Horizon Zero Dawn","PlayStation 4 [EU]","","No","No","No","No","","0000-00-00","2017-05-31 15:20:56",
"56408","House of the Dead 2 & 3 Return, The","Wii [EU]","","No","No","No","No","","0000-00-00","2021-04-20 09:39:25",
"66175","House of the Dead, The: Overkill - Collector's Edition","Wii [EU]","","No","No","No","No","0.00","0000-00-00","2015-04-13 14:28:17",
"34837","Ico - Limited Edition","PlayStation 2 [EU]","","No","No","No","No","0.00","0000-00-00","2015-04-15 13:14:26",
"58104","Ikaruga","Xbox Games Store (X360) [EU]","","No","No","No","No","","0000-00-00","2021-08-19 08:43:52",
"81939","In The Mix featuring Armin van Buuren - Limited Edition","Wii [EU]","","No","No","No","No","0.00","0000-00-00","2015-04-15 10:07:16",
"46151","inFamous - Special Edition","PlayStation 3 [EU]","","No","No","No","No","","0000-00-00","2017-03-09 20:05:26",
"28322","Infamous 2 - Special Edition","PlayStation 3 [EU]","","No","No","No","No","","0000-00-00","2019-10-16 09:57:22",
"67501","inFamous: First Light","PlayStation 4 [EU]","","No","No","No","No","","0000-00-00","2020-08-26 14:00:17",
"55913","inFamous: Second Son","PlayStation 4 [EU]","","No","No","No","No","","0000-00-00","2020-05-22 08:02:14",
"48098","Infinite Space","Nintendo DS [EU]","","Yes","Yes","Yes","Yes","0.00","0000-00-00","2015-04-12 17:33:38",
"67369","ISS Pro Evolution [DE][FR]","PlayStation [EU]","","No","No","No","No","0.00","0000-00-00","2015-04-15 10:10:54",
"196205","It Takes Two","PlayStation 4 [EU]","","No","No","No","No","","0000-00-00","2022-08-27 13:25:23",
"57484","Jak 3","PlayStation 2 [EU]","","No","No","No","No","","0000-00-00","2020-11-18 13:30:51",
"71223","Jak and Daxter: The Lost Frontier","PlayStation Portable [EU]","","No","No","No","No","","0000-00-00","2021-01-20 09:06:24",
"31535","Jak and Daxter: The Precursor Legacy","PlayStation 2 [EU]","","No","No","No","No","","0000-00-00","2020-12-11 09:00:25",
"45539","Jak II: Renegade","PlayStation 2 [EU]","","No","No","No","No","","0000-00-00","2021-01-25 09:16:13",
"31817","Jak X","PlayStation 2 [EU]","","Yes","Yes","Yes","Yes","0.00","0000-00-00","2015-04-12 17:49:50",
"19440","Jet Set Radio","Sega Dreamcast [EU]","","No","No","No","No","0.00","0000-00-00","2015-04-12 18:16:10",
"92632","Journey - Collector's Edition","PlayStation 4 [EU]","","No","No","No","No","","0000-00-00","2021-05-27 12:27:27",
"34195","JSRF: Jet Set Radio Future [FR]","Xbox [EU]","","No","No","No","No","0.00","0000-00-00","2015-04-12 18:05:36",
"195247","Judgment","PlayStation 5 [EU]","","No","No","No","No","","0000-00-00","2021-11-29 12:24:57",
"48793","Just Cause [NL]","PlayStation 2 [EU]","","No","No","No","No","0.00","0000-00-00","2015-04-18 16:49:55",
"62731","Killer Is Dead - Limited Edition","Xbox 360 [EU]","","No","No","No","No","","0000-00-00","2015-04-23 05:06:48",
"38671","Killzone","PlayStation 2 [EU]","","No","No","No","No","0.00","0000-00-00","2015-04-18 17:02:06",
"29704","Killzone 2 - Limited Edition Collector's Box","PlayStation 3 [EU]","","No","No","No","No","","0000-00-00","2019-10-17 10:06:14",
"52380","Killzone 3 - Helghast Edition","PlayStation 3 [EU]","","No","No","No","No","0.00","0000-00-00","2015-04-12 18:09:26",
"151690","Killzone: Liberation","PlayStation Portable [EU]","None","No","No","No","No","1.00","0000-00-00","2020-01-19 12:51:54",
"51819","Killzone: Shadow Fall","PlayStation 4 [EU]","","No","No","No","No","","0000-00-00","2020-06-15 13:29:57",
"45175","Kingdom Hearts - Platinum","PlayStation 2 [EU]","","No","No","No","No","","0000-00-00","2015-04-15 17:31:39",
"39855","Kingdom Hearts 358/2 Days","Nintendo DS [EU]","","No","No","No","No","","0000-00-00","2015-04-12 17:36:05",
"30301","Kingdom Hearts II","PlayStation 2 [EU]","","No","No","No","No","","0000-00-00","2015-04-15 17:31:39",
"91943","Kingdom Hearts III","PlayStation 4 [EU]","","No","No","No","No","","0000-00-00","2020-06-03 14:57:46",
"65190","Kingdom Hearts Re:coded","Nintendo DS [EU]","","No","No","No","No","","0000-00-00","2015-04-12 17:36:05",
"162549","Kingdom Hearts: The Story So Far","PlayStation 4 [EU]","","No","No","No","No","","0000-00-00","2020-06-03 14:57:49",
"212387","Kirby and the Forgotten Land","Nintendo Switch [EU]","","No","No","No","No","","0000-00-00","2024-03-06 16:47:22",
"127099","Kirby Star Allies","Nintendo Switch [EU]","","No","No","No","No","","0000-00-00","2024-12-31 08:00:03",
"214406","Klonoa Phantasy Reverie Series","PlayStation 5 [EU]","","No","No","No","No","","0000-00-00","2023-04-29 07:23:21",
"53554","Knack","PlayStation 4 [EU]","","Yes","Yes","Yes","Yes","0.00","0000-00-00","2021-06-11 13:33:06",
"133785","Knack II","PlayStation 4 [EU]","","No","No","No","No","","0000-00-00","2020-12-29 12:41:55",
"55357","L.A. Noire: The Complete Edition","Xbox 360 [EU]","","No","No","No","No","0.00","0000-00-00","2015-04-15 13:23:11",
"47684","Lair","PlayStation 3 [EU]","","No","No","No","No","","0000-00-00","2021-09-13 14:28:36",
"58106","Lara Croft and the Guardian of Light","Xbox Games Store (X360) [EU]","","No","No","No","No","","0000-00-00","2017-01-24 19:16:41",
"159952","Lara Croft and The Temple of Osiris","PlayStation 4 [EU]","","No","No","No","No","","0000-00-00","2022-07-23 05:02:24",
"49618","Last Bronx","Sega Saturn [EU]","","No","No","No","No","0.00","0000-00-00","2015-04-12 18:20:42",
"115649","Last Guardian, The - Collector's Edition","PlayStation 4 [EU]","","Yes","Yes","Yes","Yes","110.00","2016-12-09","2016-12-09 21:03:16",
"116602","Last of Us Part II, The","PlayStation 4 [EU]","","No","No","No","No","","0000-00-00","2022-12-24 16:11:52",
"44865","Last of Us, The","PlayStation 3 [EU]","","No","No","No","No","","0000-00-00","2020-09-25 08:01:31",
"31593","Legend of Spyro, The: A New Beginning","PlayStation 2 [EU]","","No","No","No","No","","0000-00-00","2021-04-23 10:06:29",
"66671","Legend of Spyro, The: Dawn of the Dragon","PlayStation 2 [EU]","","No","No","No","No","","0000-00-00","2022-02-04 09:27:23",
"62791","Legend of Spyro, The: The Eternal Night","PlayStation 2 [EU]","","No","No","No","No","","0000-00-00","2021-04-23 10:06:34",
"267915","Legend of Zelda, The: Echoes of Wisdom","Nintendo Switch [EU]","","No","No","No","No","","0000-00-00","2025-02-12 04:53:45",
"41418","Legend of Zelda, The: Skyward Sword - Limited Edition Pack","Wii [EU]","","No","No","No","No","","0000-00-00","2015-04-13 14:28:41",
"227195","Legend of Zelda, The: Tears of the Kingdom","Nintendo Switch [EU]","","No","No","No","No","","0000-00-00","2023-05-12 17:17:25",
"45480","LEGO Star Wars: The Complete Saga","Xbox 360 [EU]","","Yes","Yes","Yes","Yes","","0000-00-00","2016-10-26 07:41:19",
"67701","Let's Tap - Special Edition","Wii [EU]","","Yes","Yes","Yes","Yes","0.00","0000-00-00","2015-04-13 14:26:34",
"118648","Life Is Strange","PlayStation 4 [EU]","","No","No","No","No","","0000-00-00","2017-01-25 12:08:35",
"139033","Life Is Strange: Before the Storm - Limited Edition","PlayStation 4 [EU]","","No","No","No","No","","0000-00-00","2019-11-30 12:42:16",
"42133","Link's Crossbow Training","Wii [EU]","","No","No","No","No","","0000-00-00","2021-04-11 06:08:36",
"19199","LittleBIGPlanet","PlayStation 3 [EU]","","No","No","No","No","","0000-00-00","2018-11-24 11:50:49",
"15607","LittleBIGPlanet 2","PlayStation 3 [EU]","","No","No","No","No","","0000-00-00","2020-09-29 06:24:03",
"76288","LittleBigPlanet 3","PlayStation 4 [EU]","","No","No","No","No","","0000-00-00","2022-12-09 19:26:36",
"64259","LittleBIGPlanet Karting","PlayStation 3 [EU]","","No","No","No","No","","0000-00-00","2022-03-19 16:10:08",
"69645","LocoRoco","PlayStation Portable [EU]","","No","No","No","No","","0000-00-00","2023-11-03 09:08:48",
"32903","LocoRoco 2","PlayStation Portable [EU]","","No","No","No","No","","0000-00-00","2023-07-21 08:10:48",
"43694","Lollipop Chainsaw","Xbox 360 [EU]","","No","No","No","No","","0000-00-00","2015-04-23 05:06:50",
"81941","Looney Tunes Racing","PlayStation [EU]","","No","No","No","No","0.00","0000-00-00","2015-04-15 10:28:05",
"22763","Lord of Arcana - Slayer Edition","PlayStation Portable [EU]","","Yes","Yes","Yes","Yes","0.00","0000-00-00","2015-04-12 17:52:05",
"200047","Lost Judgment","PlayStation 5 [EU]","","No","No","No","No","","0000-00-00","2023-03-15 20:35:55",
"18420","Lost Odyssey [DK][FI][NO][SE]","Xbox 360 [EU]","","No","No","No","No","","0000-00-00","2015-04-15 10:42:50",
"62916","Lost Planet: Extreme Condition - Limited Edition","Xbox 360 [EU]","","No","No","No","No","","0000-00-00","2015-04-15 10:42:50",
"270288","Luigi’s Mansion 2 HD","Nintendo Switch [EU]","","No","No","No","No","","0000-00-00","2024-12-21 06:44:49",
"19678","MadWorld","Wii [EU]","New/Sealed","Yes","Yes","Yes","Yes","0.00","0000-00-00","2015-04-12 17:32:18",
"179659","Mafia Trilogy","PlayStation 4 [EU]","","No","No","No","No","","0000-00-00","2021-11-30 11:52:36",
"75536","Magic Made Fun","Nintendo DS [EU]","","Yes","Yes","Yes","Yes","0.00","0000-00-00","2015-04-12 17:35:51",
"64398","Majin and the Forsaken Kingdom","Xbox 360 [EU]","","No","No","No","No","0.00","0000-00-00","2015-04-15 13:23:31",
"38558","Manhunt","PlayStation 2 [EU]","","No","No","No","No","","0000-00-00","2015-04-15 13:18:07",
"51708","Manhunt 2","PlayStation 2 [EU]","","No","No","No","No","","0000-00-00","2015-04-15 13:18:07",
"66208","Mario & Sonic at the London 2012 Olympic Games","Nintendo 3DS [EU]","","No","No","No","No","","0000-00-00","2024-05-10 08:06:39",
"62948","Mario & Sonic at the Olympic Games [DK][FI][NO][SE]","Wii [EU]","","No","No","No","No","","0000-00-00","2015-04-13 14:25:48",
"169552","Mario & Sonic at the Olympic Games Tokyo 2020","Nintendo Switch [EU]","","No","No","No","No","","0000-00-00","2023-06-26 10:38:36",
"62904","Mario & Sonic at the Olympic Winter Games","Wii [EU]","","No","No","No","No","","0000-00-00","2015-04-13 14:25:48",
"107028","Mario & Sonic at the Rio 2016 Olympic Games","Wii U [EU]","","No","No","No","No","","0000-00-00","2022-03-10 09:17:44",
"64630","Mario & Sonic at the Winter Olympic Games: Sochi 2014","Wii U [EU]","","No","No","No","No","","0000-00-00","2022-03-10 09:17:48",
"104606","Mario & Sonic nos Jogos Olimpicos de Londres 2012","Wii [EU]","","No","No","No","No","","0000-00-00","2020-10-24 11:03:52",
"206649","Mario + Rabbids Sparks of Hope","Nintendo Switch [EU]","","No","No","No","No","","0000-00-00","2024-03-06 16:47:30",
"127119","Mario + Rabbids: Kingdom Battle","Nintendo Switch [EU]","","No","No","No","No","","0000-00-00","2024-09-05 10:24:02",
"117938","Mario Kart 8 Deluxe","Nintendo Switch [EU]","","No","No","No","No","","0000-00-00","2023-06-22 17:29:44",
"54553","Mario Strikers Charged Football","Wii [EU]","","No","No","No","No","","0000-00-00","2019-10-17 10:06:22",
"119419","Marvel's Spider-Man","PlayStation 4 [EU]","","Yes","Yes","Yes","Yes","0.00","0000-00-00","2019-12-08 10:28:15",
"28082","Mass Effect","Xbox 360 [EU]","","Yes","Yes","Yes","Yes","","0000-00-00","2016-10-26 07:41:24",
"28085","Mass Effect 2","Xbox 360 [EU]","","No","No","No","No","","0000-00-00","2021-02-23 09:37:18",
"225474","Matterfall","PlayStation 4 [EU]","","Yes","Yes","Yes","Yes","","0000-00-00","2023-12-04 12:46:55",
"69522","Max Payne","Xbox [EU]","","No","No","No","No","0.00","0000-00-00","2015-04-12 18:04:01",
"33609","Max Payne - Platinum","PlayStation 2 [EU]","","No","No","No","No","0.00","0000-00-00","2015-04-15 17:33:09",
"64255","Max Payne 2: The Fall of Max Payne","Xbox [EU]","","No","No","No","No","","0000-00-00","2015-04-12 15:17:26",
"81994","Max Payne 3 - Special Edition","Xbox 360 [EU]","","No","No","No","No","0.00","0000-00-00","2015-04-15 14:17:31",
"37081","Medal of Honor: Frontline","PlayStation 2 [EU]","","No","No","No","No","0.00","0000-00-00","2015-04-15 17:34:19",
"67494","Medieval Moves","PlayStation 3 [EU]","","No","No","No","No","","0000-00-00","2021-11-07 11:54:19",
"139611","MediEvil","PlayStation 4 [EU]","","No","No","No","No","","0000-00-00","2020-04-17 14:44:34",
"41639","MediEvil - Platinum [DE]","PlayStation [EU]","","No","No","No","No","","0000-00-00","2015-04-15 10:15:52",
"78433","MediEvil 2 - Platinum","PlayStation [EU]","","No","No","No","No","0.00","0000-00-00","2015-04-15 10:16:50",
"69466","MediEvil: Resurrection","PlayStation Portable [EU]","","No","No","No","No","","0000-00-00","2021-04-11 06:07:55",
"49646","Mega Bomberman","Sega Mega Drive [EU]","","No","No","No","No","0.00","0000-00-00","2015-04-12 18:02:06",
"44585","Mega Games 6 vol.3","Sega Mega Drive [EU]","","No","No","No","No","0.00","0000-00-00","2015-04-12 18:02:15",
"62215","Metal Gear Acid","PlayStation Portable [EU]","","No","No","No","No","","0000-00-00","2018-11-24 11:51:50",
"181441","Metal Gear Acid 2","PlayStation Portable [EU]","","No","No","No","No","","0000-00-00","2023-09-02 10:38:42",
"44165","Metal Gear Rising: Revengeance","PlayStation 3 [EU]","","No","No","No","No","","0000-00-00","2015-04-12 15:06:11",
"45232","Metal Gear Solid - Platinum","PlayStation [EU]","","No","No","No","No","","0000-00-00","2015-04-12 15:06:18",
"79283","Metal Gear Solid 2: Sons of Liberty [NL]","PlayStation 2 [EU]","","No","No","No","No","0.00","0000-00-00","2015-04-12 15:12:10",
"51899","Metal Gear Solid 2: Substance - Ultimate Collector's Edition","PlayStation 2 [EU]","","No","No","No","No","","0000-00-00","2015-04-12 15:07:06",
"15209","Metal Gear Solid 3: Snake Eater [UK]","PlayStation 2 [EU]","","No","No","No","No","","0000-00-00","2015-04-12 15:07:23",
"19624","Metal Gear Solid 3: Subsistence","PlayStation 2 [EU]","","No","No","No","No","","0000-00-00","2015-04-12 15:07:30",
"62649","Metal Gear Solid 4: Guns of the Patriots - 25th Anniversary Edition","PlayStation 3 [EU]","","No","No","No","No","","0000-00-00","2023-07-12 12:37:38",
"44738","Metal Gear Solid 4: Guns of the Patriots - Limited Edition","PlayStation 3 [EU]","","No","No","No","No","","0000-00-00","2015-04-12 15:07:42",
"20004","Metal Gear Solid HD Collection - Limited Edition","PlayStation 3 [EU]","","No","No","No","No","","0000-00-00","2015-04-12 15:08:01",
"55966","Metal Gear Solid V: Ground Zeroes","PlayStation 3 [EU]","","No","No","No","No","","0000-00-00","2015-04-12 15:08:14",
"91030","Metal Gear Solid V: The Phantom Pain - Collector's Edition","PlayStation 4 [EU]","","Yes","Yes","Yes","Yes","99.99","2015-09-01","2015-10-22 17:04:49",
"88667","Metal Gear Solid V: The Phantom Pain - Day One Edition","PlayStation 4 [EU]","","Yes","Yes","Yes","Yes","0.00","0000-00-00","2015-08-29 18:18:58",
"48977","Metal Gear Solid: Peace Walker","PlayStation Portable [EU]","","No","No","No","No","","0000-00-00","2023-08-19 07:20:14",
"56036","Metal Gear Solid: Portable Ops","PlayStation Portable [EU]","","No","No","No","No","","0000-00-00","2021-05-12 13:57:42",
"45411","Metal Gear Solid: Special Missions","PlayStation [EU]","","No","No","No","No","0.00","0000-00-00","2015-04-13 14:38:35",
"81670","Metal Slug 3","Xbox Games Store (X360) [EU]","","No","No","No","No","","0000-00-00","2021-08-20 09:19:45",
"41337","Metroid Fusion","Game Boy Advance [EU]","None","Yes","Yes","Yes","No","0.00","0000-00-00","2015-04-12 15:29:41",
"235573","Metroid Prime Remastered","Nintendo Switch [EU]","","No","No","No","No","","0000-00-00","2023-03-15 20:37:55",
"45482","Mirror's Edge","Xbox 360 [EU]","","No","No","No","No","0.00","0000-00-00","2015-04-15 13:22:09",
"88782","Mirror's Edge Catalyst","PlayStation 4 [EU]","","No","No","No","No","","0000-00-00","2021-12-04 13:22:31",
"66998","Misadventures of Tron Bonne, The","PlayStation [EU]","","No","No","No","No","0.00","0000-00-00","2015-04-15 10:13:11",
"32078","Mission: Impossible: Operation Surma","PlayStation 2 [EU]","","No","No","No","No","","0000-00-00","2021-10-25 13:32:29",
"15638","ModNation Racers","PlayStation 3 [EU]","","Yes","Yes","Yes","Yes","0.00","0000-00-00","2021-05-11 14:03:14",
"135409","Mortal Kombat: Komplete Edition","PlayStation 3 [EU]","","No","No","No","No","","0000-00-00","2021-10-21 13:55:14",
"45226","MotorStorm","PlayStation 3 [EU]","","No","No","No","No","","0000-00-00","2017-08-11 16:07:00",
"19202","MotorStorm: Apocalypse","PlayStation 3 [EU]","","No","No","No","No","","0000-00-00","2020-09-25 08:01:38",
"47690","MotorStorm: Pacific Rift","PlayStation 3 [EU]","","No","No","No","No","","0000-00-00","2017-08-11 16:07:05",
"158738","Ms. Pac-Man","Sega Master System [EU]","","No","No","No","No","0.00","0000-00-00","2015-04-13 14:22:00",
"60932","Ms. Splosion Man","Xbox Games Store (X360) [EU]","","No","No","No","No","","0000-00-00","2017-01-24 19:13:17",
"39557","MSR: Metropolis Street Racer","Sega Dreamcast [EU]","","No","No","No","No","","0000-00-00","2021-04-29 16:42:28",
"64615","Naruto Shippuden: Ultimate Ninja 4","PlayStation 2 [EU]","","No","No","No","No","","0000-00-00","2015-04-15 10:50:13",
"64610","Naruto Shippuden: Ultimate Ninja 5","PlayStation 2 [EU]","","No","No","No","No","","0000-00-00","2015-04-15 10:50:13",
"42865","Naruto Shippuden: Ultimate Ninja Storm 2","PlayStation 3 [EU]","","No","No","No","No","","0000-00-00","2018-11-14 17:53:12",
"42933","Naruto Ultimate Ninja Storm [FI][SE][PT]","PlayStation 3 [EU]","","No","No","No","No","","0000-00-00","2018-11-14 17:53:12",
"45545","Naruto: Ultimate Ninja","PlayStation 2 [EU]","","No","No","No","No","","0000-00-00","2015-04-15 10:50:13",
"66795","Naruto: Ultimate Ninja 2","PlayStation 2 [EU]","","No","No","No","No","","0000-00-00","2015-04-15 10:50:13",
"45613","Naruto: Ultimate Ninja 3","PlayStation 2 [EU]","","No","No","No","No","","0000-00-00","2015-04-15 10:50:13",
"170532","Naruto: Uzumaki Chronicles 2","PlayStation 2 [EU]","","No","No","No","No","","0000-00-00","2024-09-14 11:05:26",
"81995","NBA 2K10","Xbox 360 [EU]","","No","No","No","No","0.00","0000-00-00","2015-04-15 14:21:14",
"49648","NBA Jam: Tournament Edition","Sega Mega Drive [EU]","","No","No","No","No","0.00","0000-00-00","2015-04-12 18:01:34",
"31820","Need for Speed Underground - Platinum","PlayStation 2 [EU]","","No","No","No","No","0.00","0000-00-00","2015-04-18 16:55:21",
"30291","Need for Speed Underground 2","PlayStation 2 [EU]","","No","No","No","No","","0000-00-00","2015-04-15 14:22:18",
"179337","New Super Lucky's Tale","PlayStation 4 [EU]","","No","No","No","No","","0000-00-00","2021-04-24 08:39:41",
"149957","New Super Mario Bros. U Deluxe","Nintendo Switch [EU]","","No","No","No","No","","0000-00-00","2024-12-21 06:44:56",
"99032","Ni no Kuni II: Revenant Kingdom","PlayStation 4 [EU]","","No","No","No","No","","0000-00-00","2023-02-25 09:52:07",
"41485","Ni no Kuni: Wrath of the White Witch","PlayStation 3 [EU]","","No","No","No","No","","0000-00-00","2020-06-08 13:21:47",
"126809","NieR: Automata","PlayStation 4 [EU]","","No","No","No","No","","0000-00-00","2017-11-10 05:47:46",
"24294","Nights into Dreams...","Sega Saturn [EU]","","No","No","No","No","","0000-00-00","2015-04-12 18:19:19",
"60096","Nights: Journey of Dreams","Wii [EU]","","No","No","No","No","0.00","0000-00-00","2015-04-13 14:27:36",
"31580","Nightshade","PlayStation 2 [EU]","","No","No","No","No","0.00","0000-00-00","2015-04-15 17:35:11",
"45484","Ninja Blade","Xbox 360 [EU]","","No","No","No","No","","0000-00-00","2017-08-11 16:07:08",
"46216","Ninja Gaiden","Xbox [EU]","","No","No","No","No","0.00","0000-00-00","2015-04-12 18:05:30",
"57901","Ninja Gaiden II [UK]","Xbox 360 [EU]","","No","No","No","No","0.00","0000-00-00","2015-04-15 13:22:04",
"110530","Nioh","PlayStation 4 [EU]","","Yes","Yes","Yes","Yes","0.00","0000-00-00","2017-12-02 09:26:57",
"145861","Nioh 2","PlayStation 4 [EU]","","No","No","No","No","","0000-00-00","2023-06-29 12:07:38",
"41422","No More Heroes","Wii [EU]","","No","No","No","No","","0000-00-00","2024-08-24 17:58:11",
"15210","Odin Sphere","PlayStation 2 [EU]","","No","No","No","No","0.00","0000-00-00","2015-04-13 14:46:20",
"19625","Okami","PlayStation 2 [EU]","","No","No","No","No","0.00","0000-00-00","2015-04-12 18:23:26",
"182044","Order, The: 1886","PlayStation 4 [EU]","","No","No","No","No","","0000-00-00","2023-06-20 11:57:20",
"186777","Ori and the Blind Forest - Definitive Edition","Nintendo Switch [EU]","","No","No","No","No","","0000-00-00","2023-01-23 16:54:43",
"186778","Ori and the Will of the Wisps","Nintendo Switch [EU]","","No","No","No","No","","0000-00-00","2023-01-23 16:54:43",
"50421","Otogi 2: Immortal Warriors","Xbox [EU]","","No","No","No","No","","0000-00-00","2015-04-12 15:52:10",
"76427","Otogi: Myth of Demons","Xbox [EU]","","No","No","No","No","","0000-00-00","2015-04-12 15:52:10",
"31509","OutRun 2006: Coast 2 Coast","PlayStation 2 [EU]","","No","No","No","No","0.00","0000-00-00","2015-04-15 17:36:28",
"55581","P.N.03","GameCube [EU]","","No","No","No","No","0.00","0000-00-00","2015-04-12 14:58:24",
"80146","Pac-Man Championship Edition DX","Xbox Games Store (X360) [EU]","","No","No","No","No","","0000-00-00","2022-04-16 21:02:59",
"32910","Patapon","PlayStation Portable [EU]","","No","No","No","No","","0000-00-00","2023-07-21 08:10:58",
"56044","Perfect Dark Zero - Limited Collector's Edition","Xbox 360 [EU]","","No","No","No","No","0.00","0000-00-00","2015-04-13 14:51:12",
"191161","Persona 5 Royal","PlayStation 4 [EU]","","No","No","No","No","","0000-00-00","2021-09-24 12:44:26",
"246568","Pikmin 1 + 2","Nintendo Switch [EU]","","No","No","No","No","","0000-00-00","2024-12-31 08:00:30",
"235620","Pikmin 4","Nintendo Switch [EU]","","No","No","No","No","","0000-00-00","2024-03-06 16:48:39",
"161272","Plague Tale, A: Innocence","PlayStation 4 [EU]","","Yes","Yes","Yes","Yes","","0000-00-00","2020-12-04 11:12:52",
"81937","Planet Ring (Free Exclusive Software)","Sega Dreamcast [EU]","","No","No","No","No","0.00","0000-00-00","2015-04-15 10:04:44",
"62873","PlayStation All-Stars Battle Royale","PlayStation 3 [EU]","","No","No","No","No","","0000-00-00","2017-02-09 07:38:24",
"70775","PlayStation Move Heroes [UK]","PlayStation 3 [EU]","","No","No","No","No","","0000-00-00","2020-09-10 12:40:14",
"66980","PlayStation Move: Starter Disc","PlayStation 3 [EU]","","Yes","Yes","Yes","Yes","0.00","0000-00-00","2021-10-07 14:10:45",
"51363","Pokémon Pearl Version","Nintendo DS [EU]","","No","No","No","No","","0000-00-00","2015-04-12 17:37:45",
"42047","Pokémon Pinball Mini","Pokémon Mini [EU]","","No","No","No","No","","0000-00-00","2015-04-12 15:03:16",
"59629","Pokémon Ranger","Nintendo DS [EU]","","No","No","No","No","","0000-00-00","2015-04-12 17:37:45",
"46666","Pokémon Silberne Edition","Game Boy Color [EU]","","No","No","No","No","","0000-00-00","2015-04-12 15:02:13",
"42880","Pokémon SoulSilver Version (Pokéwalker Accessory Included)","Nintendo DS [EU]","","No","No","No","No","","0000-00-00","2015-04-12 17:37:45",
"58115","Portal: Still Alive","Xbox Games Store (X360) [EU]","","No","No","No","No","","0000-00-00","2017-01-24 19:22:53",
"33697","Primal - Collector's Edition","PlayStation 2 [EU]","","No","No","No","No","0.00","0000-00-00","2015-04-15 17:36:32",
"81993","Prince of Persia (box)","Xbox 360 [EU]","","No","No","No","No","0.00","0000-00-00","2015-04-15 14:02:04",
"112520","Prince of Persia Classic","Xbox Games Store (X360) [EU]","","No","No","No","No","","0000-00-00","2017-01-24 19:18:30",
"46301","Prince of Persia Trilogy","PlayStation 2 [EU]","","No","No","No","No","","0000-00-00","2015-04-12 15:30:47",
"81992","Prince of Persia: The Forgotten Sands - Limited Collector’s Edition","Xbox 360 [EU]","","No","No","No","No","0.00","0000-00-00","2015-04-15 13:58:26",
"253885","Princess Peach: Showtime!","Nintendo Switch [EU]","","No","No","No","No","","0000-00-00","2025-02-12 04:54:53",
"59569","Pro Evolution Soccer 3","PlayStation 2 [EU]","","No","No","No","No","","0000-00-00","2020-11-18 13:31:28",
"40373","Pro Evolution Soccer 4","PlayStation 2 [EU]","","No","No","No","No","","0000-00-00","2015-04-18 17:03:02",
"41934","Pro Evolution Soccer 5 [DK][FI][NO][SE]","PlayStation 2 [EU]","","No","No","No","No","","0000-00-00","2015-04-18 17:03:02",
"38606","Pro Evolution Soccer 6","PlayStation 2 [EU]","","No","No","No","No","","0000-00-00","2015-04-18 17:03:02",
"22719","Professor Layton and Pandora's Box","Nintendo DS [EU]","","No","No","No","No","","0000-00-00","2023-04-06 14:18:00",
"28734","Professor Layton and the Curious Village","Nintendo DS [EU]","","No","No","No","No","","0000-00-00","2023-09-04 17:08:56",
"22718","Professor Layton and the Lost Future","Nintendo DS [EU]","","Yes","Yes","Yes","Yes","0.00","0000-00-00","2015-04-12 17:36:55",
"30920","Professor Layton and the Spectre's Call","Nintendo DS [EU]","","No","No","No","No","","0000-00-00","2023-09-02 10:37:57",
"45486","Project Gotham Racing 4","Xbox 360 [EU]","","No","No","No","No","","0000-00-00","2024-08-24 09:36:43",
"31526","Psychonauts","PlayStation 2 [EU]","","No","No","No","No","0.00","0000-00-00","2015-04-18 16:57:05",
"29439","Psyvariar: Complete Edition","PlayStation 2 [EU]","","No","No","No","No","","0000-00-00","2020-12-23 09:19:29",
"55232","Puppeteer","PlayStation 3 [EU]","","No","No","No","No","","0000-00-00","2020-07-11 07:19:30",
"48017","Pure","Xbox 360 [EU]","","No","No","No","No","0.00","0000-00-00","2015-04-12 14:56:04",
"53901","Pursuit Force [NL]","PlayStation Portable [EU]","","No","No","No","No","","0000-00-00","2020-07-11 07:20:01",
"46167","Pursuit Force: Extreme Justice","PlayStation Portable [EU]","","No","No","No","No","","0000-00-00","2021-07-03 09:04:24",
"19563","R-Type Final","PlayStation 2 [EU]","","No","No","No","No","","0000-00-00","2015-04-15 17:30:23",
"99275","Radiant Silvergun","Xbox Games Store (X360) [EU]","","No","No","No","No","","0000-00-00","2022-01-03 09:24:49",
"86737","Ratchet & Clank","PlayStation 4 [EU]","","No","No","No","No","","0000-00-00","2021-01-11 04:27:40",
"34995","Ratchet & Clank","PlayStation 2 [EU]","","No","No","No","No","","0000-00-00","2015-04-15 17:39:36",
"31822","Ratchet & Clank 2 [NL]","PlayStation 2 [EU]","","No","No","No","No","","0000-00-00","2015-04-15 17:39:36",
"34997","Ratchet & Clank 3 [DK][FI][NO][SE]","PlayStation 2 [EU]","","No","No","No","No","","0000-00-00","2015-04-15 17:39:36",
"42273","Ratchet & Clank: A Crack in Time","PlayStation 3 [EU]","","No","No","No","No","","0000-00-00","2020-09-21 08:25:14",
"46163","Ratchet & Clank: All 4 One","PlayStation 3 [EU]","","No","No","No","No","","0000-00-00","2020-09-17 08:15:21",
"55193","Ratchet & Clank: Nexus","PlayStation 3 [EU]","","No","No","No","No","","0000-00-00","2020-10-02 09:10:03",
"35486","Ratchet & Clank: Qforce","PlayStation 3 [EU]","","No","No","No","No","","0000-00-00","2020-10-07 08:55:49",
"35487","Ratchet & Clank: Quest for Booty","PlayStation 3 [EU]","","No","No","No","No","","0000-00-00","2018-11-14 17:58:42",
"51763","Ratchet & Clank: Size Matters","PlayStation Portable [EU]","","No","No","No","No","","0000-00-00","2020-07-11 07:20:04",
"55209","Ratchet & Clank: Tools of Destruction","PlayStation 3 [EU]","","No","No","No","No","","0000-00-00","2018-11-24 11:49:44",
"42063","Ratchet: Gladiator","PlayStation 2 [EU]","","No","No","No","No","","0000-00-00","2015-04-15 17:39:36",
"61330","Rayman 10th Anniversary","PlayStation 2 [EU]","","No","No","No","No","","0000-00-00","2022-01-17 14:05:17",
"26694","Rayman Origins","PlayStation 3 [EU]","","No","No","No","No","","0000-00-00","2017-08-11 16:07:12",
"119413","Red Dead Redemption 2","PlayStation 4 [EU]","","No","No","No","No","","0000-00-00","2019-10-01 12:21:02",
"49010","Red Dead Redemption: Game of the Year Edition","Xbox 360 [EU]","","No","No","No","No","0.00","0000-00-00","2015-04-15 13:22:39",
"64993","Red Dead Revolver","Xbox [EU]","","No","No","No","No","","0000-00-00","2022-09-23 08:09:23",
"40113","Red Steel","Wii [EU]","","Yes","Yes","Yes","Yes","0.00","0000-00-00","2022-10-14 16:58:14",
"145807","Resident Evil 2 (2019)","PlayStation 4 [EU]","","No","No","No","No","","0000-00-00","2020-12-14 16:29:02",
"171130","Resident Evil 3 (2020)","PlayStation 4 [EU]","","No","No","No","No","","0000-00-00","2021-11-30 11:52:43",
"30288","Resident Evil 4 - Limited Edition","PlayStation 2 [EU]","","No","No","No","No","0.00","0000-00-00","2015-04-15 10:48:58",
"34143","Resident Evil 5 [NL]","Xbox 360 [EU]","","Yes","Yes","Yes","Yes","","0000-00-00","2016-10-26 07:41:29",
"32082","Resident Evil 6 [UK]","Xbox 360 [EU]","","No","No","No","No","","0000-00-00","2017-08-11 16:07:16",
"116607","Resident Evil 7: Biohazard (IS70006-01 / reviews cover)","PlayStation 4 [EU]","","No","No","No","No","","0000-00-00","2018-11-24 11:41:32",
"19673","Resident Evil: The Umbrella Chronicles (RVL-RBUP-UXP / white PEGI rating)","Wii [EU]","","No","No","No","No","","0000-00-00","2021-07-10 15:03:58",
"19210","Resistance 2","PlayStation 3 [EU]","","No","No","No","No","0.00","0000-00-00","2015-04-12 18:09:29",
"42768","Resistance 3","PlayStation 3 [EU]","","No","No","No","No","","0000-00-00","2020-07-11 07:19:35",
"39167","Resistance: Fall of Man","PlayStation 3 [EU]","","No","No","No","No","0.00","0000-00-00","2015-04-12 18:09:31",
"50465","Resonance of Fate","Xbox 360 [EU]","","No","No","No","No","0.00","0000-00-00","2015-04-15 13:27:34",
"49370","Revenge of Shinobi, The","Sega Mega Drive [EU]","","Yes","Yes","Yes","No","0.00","0000-00-00","2015-04-12 18:01:47",
"15630","Ridge Racer 7","PlayStation 3 [EU]","","No","No","No","No","","0000-00-00","2022-01-05 12:32:21",
"126676","Rise of the Tomb Raider: 20 Year Celebration","PlayStation 4 [EU]","","No","No","No","No","","0000-00-00","2021-05-27 12:26:45",
"49651","Ristar","Sega Mega Drive [EU]","","Yes","Yes","Yes","No","0.00","0000-00-00","2015-04-12 18:01:38",
"208429","Rocket Knight","Xbox Games Store (X360) [EU]","","Yes","Yes","Yes","Yes","0.00","0000-00-00","2021-11-08 09:39:14",
"33916","Samba de Amigo","Wii [EU]","","No","No","No","No","0.00","0000-00-00","2015-04-12 18:24:29",
"53265","Scarface: The World Is Yours - Collector's Edition","PlayStation 2 [EU]","","No","No","No","No","0.00","0000-00-00","2015-04-15 10:47:32",
"54040","Schtroumpfs Autour du Monde, Les","Sega Mega Drive [EU]","","No","No","No","No","0.00","0000-00-00","2015-04-15 09:59:54",
"130159","Secret Agent Clank","PlayStation Portable [EU]","","No","No","No","No","","0000-00-00","2019-12-14 16:34:04",
"39140","Sega GT","Sega Dreamcast [EU]","","No","No","No","No","","0000-00-00","2021-02-03 09:00:27",
"74697","Sega GT 2002 / Jet Set Radio Future","Xbox [EU]","","No","No","No","No","0.00","0000-00-00","2015-04-12 18:05:48",
"48037","Sega Rally","Xbox 360 [EU]","","No","No","No","No","","0000-00-00","2020-09-03 08:19:02",
"24285","Sega Rally Championship","Sega Saturn [EU]","","No","No","No","No","0.00","0000-00-00","2015-04-12 18:20:49",
"39590","Sega Rally Championship 2","Sega Dreamcast [EU]","","No","No","No","No","","0000-00-00","2020-09-03 08:18:46",
"62730","Sega Superstars","PlayStation 2 [EU]","","No","No","No","No","","0000-00-00","2015-04-13 14:45:06",
"60940","Sega Superstars Tennis","Xbox 360 [EU]","","No","No","No","No","","0000-00-00","2015-04-13 14:45:06",
"58118","Shadow Complex","Xbox Games Store (X360) [EU]","","No","No","No","No","","0000-00-00","2023-08-30 06:18:06",
"49655","Shadow Dancer: The Secret of Shinobi","Sega Mega Drive [EU]","","Yes","Yes","Yes","No","0.00","0000-00-00","2015-04-12 18:01:43",
"15213","Shadow Hearts: From the New World","PlayStation 2 [EU]","","No","No","No","No","","0000-00-00","2015-04-12 18:13:50",
"127103","Shadow of the Colossus","PlayStation 4 [EU]","","No","No","No","No","","0000-00-00","2018-11-24 11:42:52",
"34838","Shadow of the Colossus (slipcover)","PlayStation 2 [EU]","","No","No","No","No","","0000-00-00","2015-04-12 18:13:50",
"141791","Shadow of the Tomb Raider","PlayStation 4 [EU]","","No","No","No","No","","0000-00-00","2021-09-24 12:44:32",
"31632","Shadow the Hedgehog","PlayStation 2 [EU]","","No","No","No","No","","0000-00-00","2015-04-12 18:13:50",
"31979","Shadows of the Damned","Xbox 360 [EU]","","No","No","No","No","0.00","0000-00-00","2015-04-15 13:21:23",
"18503","Shenmue","Sega Dreamcast [EU]","","No","No","No","No","","0000-00-00","2015-04-12 15:20:45",
"143749","Shenmue I & II","PlayStation 4 [EU]","","No","No","No","No","","0000-00-00","2020-12-03 15:14:35",
"17583","Shenmue II","Sega Dreamcast [EU]","","No","No","No","No","","0000-00-00","2015-04-12 15:20:45",
"19772","Shenmue II","Xbox [EU]","","No","No","No","No","","0000-00-00","2015-04-12 15:20:45",
"98877","Shenmue III - Day 1 Edition","PlayStation 4 [EU]","","No","No","No","No","","0000-00-00","2020-12-04 11:13:00",
"15211","Shin Megami Tensei: Persona 3 FES","PlayStation 2 [EU]","","No","No","No","No","0.00","0000-00-00","2015-04-15 13:15:47",
"49117","Shinobi","PlayStation 2 [EU]","","No","No","No","No","0.00","0000-00-00","2015-04-15 17:35:13",
"76604","Shoot, The [UK]","PlayStation 3 [EU]","","No","No","No","No","","0000-00-00","2022-04-25 18:39:09",
"131028","Sine Mora EX","PlayStation 4 [EU]","","No","No","No","No","","0000-00-00","2022-01-03 14:05:31",
"41609","SingStar","PlayStation 2 [EU]","","No","No","No","No","0.00","0000-00-00","2015-04-15 17:38:16",
"70993","SingStar: Best of Disney","PlayStation 2 [EU]","","No","No","No","No","0.00","0000-00-00","2015-04-15 17:38:19",
"46131","Skate 2","PlayStation 3 [EU]","","No","No","No","No","","0000-00-00","2024-08-24 17:57:15",
"15733","Skate 3 [NL][BE]","PlayStation 3 [EU]","","No","No","No","No","","0000-00-00","2018-05-19 19:46:51",
"34435","Sly 2: Band of Thieves","PlayStation 2 [EU]","","No","No","No","No","","0000-00-00","2015-04-15 17:39:03",
"34436","Sly 3: Honor Among Thieves","PlayStation 2 [EU]","","No","No","No","No","","0000-00-00","2015-04-15 17:39:03",
"67448","Sly Cooper: Thieves In Time","PlayStation 3 [EU]","","No","No","No","No","","0000-00-00","2020-07-11 07:19:39",
"34434","Sly Raccoon [SE][DK][FI][NO]","PlayStation 2 [EU]","","No","No","No","No","","0000-00-00","2015-04-15 17:39:03",
"127999","Smash Court Tennis Pro Tournament 2","PlayStation 2 [EU]","","No","No","No","No","","0000-00-00","2024-08-24 17:56:36",
"38785","SOCOM II: U.S. Navy Seals","PlayStation 2 [EU]","","No","No","No","No","0.00","0000-00-00","2015-04-15 17:40:02",
"39765","Sonic & All-Stars Racing Transformed - Limited Edition","Xbox 360 [EU]","","No","No","No","No","","0000-00-00","2019-07-12 10:03:25",
"30266","Sonic & Knuckles (1563-50, black insert)","Sega Mega Drive [EU]","","No","No","No","No","","0000-00-00","2015-04-12 17:57:34",
"50248","Sonic & Sega All-Stars Racing with Banjo-Kazooie [UK]","Xbox 360 [EU]","","No","No","No","No","","0000-00-00","2015-04-12 15:37:37",
"30814","Sonic 3","Sega Mega Drive [EU]","","No","No","No","No","","0000-00-00","2015-04-12 17:57:34",
"24291","Sonic 3D: Flickies Island","Sega Saturn [EU]","","No","No","No","No","","0000-00-00","2015-04-12 18:20:39",
"49367","Sonic 3D: Flickies' Island","Sega Mega Drive [EU]","","No","No","No","No","","0000-00-00","2015-04-12 17:57:34",
"49569","Sonic Advance","Game Boy Advance [EU]","","No","No","No","No","","0000-00-00","2021-06-17 11:52:23",
"49570","Sonic Advance 2","Game Boy Advance [EU]","None","Yes","Yes","Yes","No","0.00","0000-00-00","2015-04-12 15:23:44",
"48738","Sonic Advance 3","Game Boy Advance [EU]","None","Yes","Yes","Yes","No","0.00","0000-00-00","2015-04-12 15:23:44",
"39598","Sonic Adventure","Sega Dreamcast [EU]","","No","No","No","No","","0000-00-00","2015-04-12 18:15:25",
"39599","Sonic Adventure 2","Sega Dreamcast [EU]","","No","No","No","No","0.00","0000-00-00","2015-04-12 15:00:27",
"23506","Sonic Adventure 2 Birthday Pack","Sega Dreamcast [JP]","","No","No","No","No","0.00","0000-00-00","2015-04-12 15:00:23",
"41943","Sonic Adventure 2: Battle","GameCube [EU]","","No","No","No","No","0.00","0000-00-00","2015-04-12 15:00:06",
"42920","Sonic Adventure DX: Director's Cut","GameCube [EU]","","No","No","No","No","0.00","0000-00-00","2015-04-12 15:00:11",
"52477","Sonic and the Black Knight","Wii [EU]","","No","No","No","No","","0000-00-00","2015-10-15 13:57:19",
"47006","Sonic and the Secret Rings","Wii [EU]","","No","No","No","No","","0000-00-00","2015-10-15 13:57:24",
"49571","Sonic Battle","Game Boy Advance [EU]","","No","No","No","No","","0000-00-00","2023-04-19 12:28:42",
"112831","Sonic Boom: Fire & Ice","Nintendo 3DS [EU]","","Yes","Yes","Yes","Yes","0.00","0000-00-00","2022-02-17 12:03:08",
"72162","Sonic Boom: Rise of Lyric","Wii U [EU]","","No","No","No","No","","0000-00-00","2022-10-19 17:34:50",
"104950","Sonic Boom: Shattered Crystal","Nintendo 3DS [EU]","","No","No","No","No","","0000-00-00","2022-12-22 13:08:39",
"46161","Sonic CD","Sega Mega CD [EU]","","Yes","Yes","Yes","No","0.00","0000-00-00","2015-04-12 17:55:45",
"32421","Sonic Chaos","Sega Master System [EU]","","No","No","No","No","","0000-00-00","2015-04-13 14:19:27",
"52556","Sonic Chronicles: The Dark Brotherhood","Nintendo DS [EU]","","Yes","Yes","Yes","Yes","","0000-00-00","2019-07-12 10:03:38",
"81825","Sonic Classic Collection - Edición Limitada","Nintendo DS [EU]","","Yes","Yes","Yes","Yes","0.00","0000-00-00","2015-04-12 17:40:59",
"33918","Sonic Colours","Wii [EU]","","No","No","No","No","","0000-00-00","2015-10-15 13:57:27",
"52554","Sonic Colours","Nintendo DS [EU]","","No","No","No","No","","0000-00-00","2023-09-12 13:09:49",
"201139","Sonic Colours: Ultimate","PlayStation 4 [EU]","","No","No","No","No","","0000-00-00","2023-03-15 20:37:28",
"49368","Sonic Compilation","Sega Mega Drive [EU]","","No","No","No","No","","0000-00-00","2015-04-12 17:57:34",
"131701","Sonic Forces","PlayStation 4 [EU]","","No","No","No","No","","0000-00-00","2017-11-10 05:48:35",
"80885","Sonic Free Riders","Xbox 360 [EU]","","No","No","No","No","","0000-00-00","2019-09-02 14:30:54",
"213474","Sonic Frontiers","PlayStation 5 [EU]","","No","No","No","No","","0000-00-00","2023-06-22 17:30:15",
"19645","Sonic Gems Collection","PlayStation 2 [EU]","","No","No","No","No","","0000-00-00","2015-04-12 18:13:26",
"31690","Sonic Generations","Nintendo 3DS [EU]","","No","No","No","No","","0000-00-00","2023-08-02 13:10:45",
"67998","Sonic Generations - Collector's Edition","Xbox 360 [EU]","","No","No","No","No","","0000-00-00","2015-04-12 15:37:37",
"59172","Sonic Heroes","PlayStation 2 [EU]","","No","No","No","No","","0000-00-00","2015-04-12 18:13:26",
"33223","Sonic Jam","Sega Saturn [EU]","","No","No","No","No","","0000-00-00","2015-04-12 18:20:39",
"115655","Sonic Mania - Collector's Edition","PlayStation 4 [EU]","","No","No","No","No","","0000-00-00","2017-11-05 17:19:07",
"147252","Sonic Mania Plus","PlayStation 4 [EU]","","No","No","No","No","","0000-00-00","2018-11-07 18:46:29",
"54604","Sonic Mega Collection","GameCube [EU]","","No","No","No","No","","0000-00-00","2015-04-12 15:01:45",
"20704","Sonic Mega Collection Plus","PlayStation 2 [EU]","","No","No","No","No","","0000-00-00","2015-04-12 15:01:45",
"238480","Sonic Origins Plus","PlayStation 5 [EU]","","No","No","No","No","","0000-00-00","2023-06-26 10:38:57",
"81822","Sonic Pinball Party","Game Boy Advance [EU]","None","Yes","Yes","Yes","No","0.00","0000-00-00","2015-04-12 15:50:06",
"33225","Sonic R","Sega Saturn [EU]","","No","No","No","No","","0000-00-00","2015-04-12 18:20:39",
"19643","Sonic Riders","PlayStation 2 [EU]","","No","No","No","No","","0000-00-00","2015-04-12 18:13:26",
"43938","Sonic Riders: Zero Gravity","PlayStation 2 [EU]","","No","No","No","No","","0000-00-00","2015-04-12 18:13:26",
"59417","Sonic Rivals [SE][FI]","PlayStation Portable [EU]","","Yes","Yes","Yes","No","0.00","0000-00-00","2015-04-12 17:52:45",
"71222","Sonic Rivals 2","PlayStation Portable [EU]","","Yes","Yes","Yes","Yes","","0000-00-00","2016-10-26 07:41:35",
"32592","Sonic Rush","Nintendo DS [EU]","","No","No","No","No","","0000-00-00","2015-04-12 15:34:52",
"62125","Sonic Rush Adventure","Nintendo DS [EU]","","No","No","No","No","","0000-00-00","2015-04-12 15:34:52",
"49434","Sonic Shuffle","Sega Dreamcast [EU]","","No","No","No","No","","0000-00-00","2015-04-12 18:15:25",
"19783","Sonic Spinball","Sega Mega Drive [EU]","","No","No","No","No","","0000-00-00","2015-04-12 17:57:34",
"246941","Sonic Superstars","PlayStation 5 [EU]","","No","No","No","No","","0000-00-00","2023-10-20 14:08:35",
"16479","Sonic The Hedgehog","Sega Master System [EU]","","No","No","No","No","","0000-00-00","2015-04-13 14:19:27",
"77012","Sonic the Hedgehog","Xbox 360 [EU]","","No","No","No","No","","0000-00-00","2015-04-12 15:37:37",
"19785","Sonic the Hedgehog (Made in China)","Sega Mega Drive [EU]","","No","No","No","No","","0000-00-00","2015-04-12 17:57:34",
"15299","Sonic the Hedgehog 2","Sega Master System [EU]","","No","No","No","No","","0000-00-00","2015-04-13 14:19:27",
"19786","Sonic the Hedgehog 2 (Made in Japan)","Sega Mega Drive [EU]","","No","No","No","No","","0000-00-00","2015-04-12 17:57:34",
"58119","Sonic the Hedgehog 4: Episode I","Xbox Games Store (X360) [EU]","","No","No","No","No","","0000-00-00","2017-01-26 19:31:03",
"58120","Sonic the Hedgehog 4: Episode II","Xbox Games Store (X360) [EU]","","No","No","No","No","","0000-00-00","2017-01-26 19:31:03",
"66153","Sonic Unleashed (INL-XT206601-UK)","Xbox 360 [EU]","","No","No","No","No","","0000-00-00","2015-04-12 15:37:37",
"52476","Sonic: Lost World","Nintendo 3DS [EU]","","No","No","No","No","","0000-00-00","2024-04-05 13:58:25",
"79652","Sonic: Lost World","Wii U [EU]","","No","No","No","No","","0000-00-00","2022-01-12 09:00:19",
"54979","SonicN [ES]","N-Gage [EU]","","No","No","No","No","","0000-00-00","2015-04-12 15:21:42",
"59407","Sorcery","PlayStation 3 [EU]","","No","No","No","No","","0000-00-00","2021-10-25 13:33:41",
"32656","Soul Blade","PlayStation [EU]","","No","No","No","No","","0000-00-00","2015-04-13 14:42:20",
"124931","SoulCalibur","Sega Dreamcast [EU]","","No","No","No","No","0.00","0000-00-00","2015-04-12 18:18:15",
"46886","SoulCalibur II","PlayStation 2 [EU]","","No","No","No","No","","0000-00-00","2015-04-15 13:17:50",
"20703","SoulCalibur III","PlayStation 2 [EU]","","No","No","No","No","","0000-00-00","2015-04-15 13:17:50",
"123523","SoulCalibur IV","PlayStation 3 [EU]","","No","No","No","No","","0000-00-00","2021-02-08 10:08:35",
"23460","SoulCalibur V","PlayStation 3 [EU]","","No","No","No","No","","0000-00-00","2021-06-30 11:49:24",
"140566","SoulCalibur VI","PlayStation 4 [EU]","","No","No","No","No","","0000-00-00","2020-04-17 14:44:45",
"69520","SoulCalibur: Broken Destiny","PlayStation Portable [EU]","","No","No","No","No","","0000-00-00","2020-11-16 09:15:03",
"106213","South Park: The Fractured But Whole","PlayStation 4 [EU]","","No","No","No","No","","0000-00-00","2022-12-16 14:16:16",
"62167","South Park: The Stick of Truth","PlayStation 3 [EU]","","No","No","No","No","","0000-00-00","2023-07-12 12:37:43",
"45746","Space Gun","Sega Master System [EU]","","No","No","No","No","","0000-00-00","2015-04-13 14:22:53",
"48047","Spec Ops: The Line","Xbox 360 [EU]","","No","No","No","No","","0000-00-00","2022-09-23 08:10:05",
"63547","Spider-Man - Platinum","PlayStation [EU]","","No","No","No","No","0.00","0000-00-00","2015-04-15 10:15:56",
"38786","Spider-Man 2","PlayStation 2 [EU]","","No","No","No","No","","0000-00-00","2021-10-25 13:32:54",
"38789","Spider-Man: The Movie","PlayStation 2 [EU]","","No","No","No","No","","0000-00-00","2020-11-18 13:31:07",
"55369","Split/Second: Velocity","Xbox 360 [EU]","","No","No","No","No","","0000-00-00","2022-02-25 09:12:48",
"19265","Spyro 2: Gateway to Glimmer","PlayStation [EU]","","No","No","No","No","0.00","0000-00-00","2015-04-15 10:12:04",
"142255","Spyro Reignited Trilogy","PlayStation 4 [EU]","","No","No","No","No","","0000-00-00","2020-06-03 14:58:04",
"31605","Spyro: A Hero's Tail","PlayStation 2 [EU]","","No","No","No","No","","0000-00-00","2021-07-29 09:21:18",
"30297","Spyro: Enter the Dragonfly","PlayStation 2 [EU]","","No","No","No","No","","0000-00-00","2021-02-18 08:36:52",
"87814","Spyro: Shadow Legacy","Nintendo DS [EU]","","No","No","No","No","","0000-00-00","2022-02-03 08:59:20",
"92603","Star Wars Battlefront","PlayStation 4 [EU]","","No","No","No","No","","0000-00-00","2017-05-18 12:44:18",
"186325","Star Wars Battlefront II [FR][NL]","PlayStation 4 [EU]","","No","No","No","No","","0000-00-00","2020-06-18 12:48:08",
"201923","Star Wars Jedi: Fallen Order","PlayStation 5 [EU]","","No","No","No","No","","0000-00-00","2021-12-04 13:21:55",
"71845","Street Fighter IV - Collector's Edition [CH][DE]","Xbox 360 [EU]","","Yes","Yes","Yes","Yes","0.00","0000-00-00","2015-10-10 10:55:44",
"80461","Street Fighter V","PlayStation 4 [EU]","","No","No","No","No","","0000-00-00","2017-05-18 12:44:07",
"136860","Street Fighter X Tekken [FR]","PlayStation 3 [EU]","","No","No","No","No","","0000-00-00","2020-10-09 08:44:16",
"178426","Streets of Rage 4","PlayStation 4 [EU]","","Yes","Yes","Yes","Yes","","0000-00-00","2020-07-29 08:38:04",
"32241","Streets of Rage II","Sega Mega Drive [EU]","","Yes","Yes","Yes","No","0.00","0000-00-00","2015-04-12 17:58:39",
"78143","Stuart Little 2","PlayStation [EU]","","No","No","No","No","0.00","0000-00-00","2015-04-15 10:14:07",
"130398","Super Dragon Ball Z","PlayStation 2 [EU]","","No","No","No","No","","0000-00-00","2023-01-12 13:09:05",
"185615","Super Mario 3D World + Bowser's Fury","Nintendo Switch [EU]","","No","No","No","No","","0000-00-00","2024-12-21 06:45:06",
"41530","Super Mario All-Stars: 25th Anniversary Edition","Wii [EU]","","Yes","Yes","Yes","Yes","0.00","0000-00-00","2015-04-13 14:29:29",
"246564","Super Mario Bros. Wonder","Nintendo Switch [EU]","","No","No","No","No","","0000-00-00","2023-10-20 14:08:50",
"117945","Super Mario Odyssey","Nintendo Switch [EU]","","No","No","No","No","","0000-00-00","2023-05-01 09:36:13",
"246566","Super Mario RPG","Nintendo Switch [EU]","","No","No","No","No","","0000-00-00","2024-04-15 09:13:24",
"77048","Super Smash Bros. - Sonic the Hedgehog","Amiibo Figures [EU]","","Yes","Yes","Yes","Yes","12.99","2015-03-08","2015-04-12 18:29:13",
"19676","Super Smash Bros. Brawl","Wii [EU]","","No","No","No","No","","0000-00-00","2018-11-14 17:51:09",
"66676","Super Smash Bros. for Nintendo 3DS","Nintendo 3DS [EU]","","No","No","No","No","","0000-00-00","2024-05-10 08:07:24",
"44020","Syphon Filter 2","PlayStation [EU]","","No","No","No","No","","0000-00-00","2021-04-29 16:42:07",
"145332","Syphon Filter: Dark Mirror [FR]","PlayStation Portable [EU]","","No","No","No","No","","0000-00-00","2020-07-11 07:20:10",
"59799","Syphon Filter: Logan's Shadow","PlayStation Portable [EU]","","No","No","No","No","","0000-00-00","2023-10-03 13:15:03",
"31626","Syphon Filter: The Omega Strain","PlayStation 2 [EU]","","No","No","No","No","","0000-00-00","2020-11-13 17:31:28",
"18471","Tactics Ogre: Let Us Cling Together - Premium Edition","PlayStation Portable [EU]","","Yes","Yes","Yes","Yes","0.00","0000-00-00","2015-04-12 17:52:49",
"155924","Tales of Vesperia: Definitive Edition","PlayStation 4 [EU]","","No","No","No","No","","0000-00-00","2021-10-04 12:27:00",
"58549","Tatsunoko vs. Capcom: Ultimate All-Stars","Wii [EU]","","No","No","No","No","","0000-00-00","2015-04-12 18:26:14",
"145472","Team Sonic Racing","PlayStation 4 [EU]","","No","No","No","No","","0000-00-00","2019-12-07 12:19:19",
"89229","Tearaway Unfolded - Messenger Edition","PlayStation 4 [EU]","","No","No","No","No","","0000-00-00","2023-09-11 12:35:09",
"47503","Tekken","PlayStation [EU]","","No","No","No","No","","0000-00-00","2015-04-12 15:26:38",
"15243","Tekken 2","PlayStation [EU]","","No","No","No","No","","0000-00-00","2015-04-12 15:27:02",
"43640","Tekken 3","PlayStation [EU]","","No","No","No","No","","0000-00-00","2015-04-12 15:27:02",
"45384","Tekken 3D: Prime Edition","Nintendo 3DS [EU]","","Yes","Yes","Yes","Yes","0.00","0000-00-00","2021-02-22 09:33:34",
"33820","Tekken 4","PlayStation 2 [EU]","","No","No","No","No","","0000-00-00","2021-03-04 03:19:15",
"31602","Tekken 5","PlayStation 2 [EU]","","No","No","No","No","","0000-00-00","2021-03-04 03:19:15",
"15694","Tekken 6","PlayStation 3 [EU]","","No","No","No","No","","0000-00-00","2020-09-24 08:08:49",
"60783","Tekken 7","PlayStation 4 [EU]","","No","No","No","No","","0000-00-00","2018-11-24 11:41:53",
"57722","Tekken Advance","Game Boy Advance [EU]","None","Yes","Yes","Yes","No","0.00","0000-00-00","2015-04-12 15:27:46",
"79840","Tekken Hybrid [UK]","PlayStation 3 [EU]","","No","No","No","No","","0000-00-00","2021-01-20 09:06:42",
"31547","Tekken Tag Tournament","PlayStation 2 [EU]","","No","No","No","No","","0000-00-00","2015-04-12 15:27:46",
"31696","Tekken Tag Tournament 2","PlayStation 3 [EU]","","No","No","No","No","","0000-00-00","2020-10-09 08:44:20",
"180721","Tekken: Dark Resurrection","PlayStation Portable [EU]","","Yes","Yes","Yes","No","0.00","0000-00-00","2015-04-12 17:51:46",
"82007","Tekken's Nina Williams in: Death by Degrees","PlayStation 2 [EU]","","No","No","No","No","0.00","0000-00-00","2015-04-15 17:26:49",
"48768","This is Football 2003","PlayStation 2 [EU]","","No","No","No","No","0.00","0000-00-00","2015-04-18 16:49:31",
"32660","Time Crisis","PlayStation [EU]","","No","No","No","No","0.00","0000-00-00","2015-04-15 10:13:09",
"32858","Time Crisis 3","PlayStation 2 [EU]","","No","No","No","No","","0000-00-00","2020-09-03 08:18:28",
"70980","Time Crisis 4","PlayStation 3 [EU]","","No","No","No","No","","0000-00-00","2020-09-17 08:15:38",
"32857","Time Crisis II","PlayStation 2 [EU]","","No","No","No","No","","0000-00-00","2022-03-26 10:11:05",
"52639","Time Crisis: Project Titan [DE]","PlayStation [EU]","","No","No","No","No","","0000-00-00","2020-08-28 09:37:20",
"19217","Time Crisis: Razing Storm","PlayStation 3 [EU]","","No","No","No","No","","0000-00-00","2020-09-23 08:21:08",
"50428","Tom Clancy's Splinter Cell","Xbox [EU]","","No","No","No","No","","0000-00-00","2022-12-10 15:12:37",
"42345","Tom Clancy's Splinter Cell","PlayStation 2 [EU]","","No","No","No","No","","0000-00-00","2015-04-15 13:16:22",
"55347","Tom Clancy's Splinter Cell: Blacklist [DK][FI][NO][SE]","Xbox 360 [EU]","","No","No","No","No","","0000-00-00","2022-12-10 15:13:18",
"57970","Tom Clancy's Splinter Cell: Chaos Theory","Xbox [EU]","","No","No","No","No","","0000-00-00","2022-12-10 15:12:37",
"39202","Tom Clancy's Splinter Cell: Chaos Theory","PlayStation 2 [EU]","","No","No","No","No","","0000-00-00","2015-04-15 13:16:22",
"35769","Tom Clancy's Splinter Cell: Conviction - Limited Collector's Edition","Xbox 360 [EU]","","No","No","No","No","0.00","0000-00-00","2015-04-13 14:52:35",
"48062","Tom Clancy's Splinter Cell: Double Agent","Xbox 360 [EU]","","No","No","No","No","","0000-00-00","2022-12-10 15:13:18",
"57969","Tom Clancy's Splinter Cell: Pandora Tomorrow","Xbox [EU]","","No","No","No","No","","0000-00-00","2022-12-10 15:12:37",
"38796","Tom Clancy's Splinter Cell: Pandora Tomorrow","PlayStation 2 [EU]","","No","No","No","No","","0000-00-00","2015-04-15 13:16:22",
"65386","Tomb Raider","Game Boy Color [EU]","","No","No","No","No","","0000-00-00","2015-04-12 15:03:47",
"54725","Tomb Raider: Definitive Edition","PlayStation 4 [EU]","","No","No","No","No","","0000-00-00","2021-05-27 12:26:31",
"46102","Tony Hawk's Skateboarding","PlayStation [EU]","","No","No","No","No","0.00","0000-00-00","2015-04-15 10:13:15",
"57713","Tony Hawk's Underground","PlayStation 2 [EU]","","No","No","No","No","","0000-00-00","2020-11-04 09:33:42",
"58169","Tony Hawk's Underground 2","PlayStation 2 [EU]","","No","No","No","No","","0000-00-00","2020-11-04 09:33:37",
"56116","Tourist Trophy","PlayStation 2 [EU]","","No","No","No","No","","0000-00-00","2022-02-04 09:27:32",
"84018","Trials HD","Xbox Games Store (X360) [EU]","","No","No","No","No","","0000-00-00","2017-01-24 19:17:04",
"31828","True Crime: Streets of LA - Platinum","PlayStation 2 [EU]","","No","No","No","No","0.00","0000-00-00","2015-04-18 16:41:37",
"64966","Ty the Tasmanian Tiger 2: Bush Rescue","PlayStation 2 [EU]","","No","No","No","No","0.00","0000-00-00","2015-04-18 16:41:01",
"53861","UEFA Euro 2000","PlayStation [EU]","","No","No","No","No","0.00","0000-00-00","2015-04-15 10:10:57",
"56125","UEFA Euro 2004: Portugal","PlayStation 2 [EU]","","No","No","No","No","","0000-00-00","2020-11-04 09:33:46",
"23609","Ultimate Marvel VS Capcom 3","PlayStation 3 [EU]","","No","No","No","No","","0000-00-00","2022-03-19 16:10:16",
"39267","Ultimate Spider-Man","PlayStation 2 [EU]","","No","No","No","No","","0000-00-00","2015-04-15 17:41:06",
"67367","Ultra Street Fighter IV","PlayStation 3 [EU]","","No","No","No","No","","0000-00-00","2021-10-20 14:36:43",
"79841","Uncharted 2: Among Thieves [UK]","PlayStation 3 [EU]","","No","No","No","No","","0000-00-00","2016-11-14 09:49:11",
"47900","Uncharted 3: Drake's Deception [UK]","PlayStation 3 [EU]","","No","No","No","No","","0000-00-00","2016-11-14 09:49:16",
"69060","Uncharted 4: A Thief's End","PlayStation 4 [EU]","","Yes","Yes","Yes","Yes","0.00","0000-00-00","2016-11-29 17:37:22",
"87593","Uncharted: Drake's Fortune","PlayStation 3 [EU]","","No","No","No","No","","0000-00-00","2016-11-14 09:49:04",
"175452","Uncharted: Golden Abyss","PlayStation Vita [EU]","","No","No","No","No","0.00","0000-00-00","2015-04-12 15:22:14",
"119414","Uncharted: The Lost Legacy","PlayStation 4 [EU]","","No","No","No","No","","0000-00-00","2018-11-24 11:42:17",
"86726","Until Dawn","PlayStation 4 [EU]","","No","No","No","No","","0000-00-00","2020-05-27 11:20:59",
"15246","Vagrant Story","PlayStation [EU]","","No","No","No","No","0.00","0000-00-00","2015-04-13 14:36:38",
"15221","Valkyria Chronicles","PlayStation 3 [EU]","","No","No","No","No","","0000-00-00","2017-03-09 20:05:18",
"136507","Valkyria Chronicles 4","PlayStation 4 [EU]","","No","No","No","No","","0000-00-00","2022-01-11 12:00:59",
"15215","Valkyrie Profile 2: Silmeria","PlayStation 2 [EU]","","No","No","No","No","0.00","0000-00-00","2015-04-15 17:41:27",
"81973","Vanquish - Limited Edition (Zavvi Exclusive)","Xbox 360 [EU]","","Yes","Yes","Yes","Yes","0.00","0000-00-00","2015-04-15 13:38:40",
"32861","Virtua Cop - Elite Edition","PlayStation 2 [EU]","","No","No","No","No","","0000-00-00","2020-08-28 09:37:12",
"63542","Virtua Cop (jewel case)","Sega Saturn [EU]","","No","No","No","No","","0000-00-00","2021-04-29 16:44:19",
"123886","Virtua Cop 2 (jewel case)","Sega Saturn [EU]","","No","No","No","No","","0000-00-00","2021-04-29 16:44:19",
"24292","Virtua Fighter 2","Sega Saturn [EU]","","No","No","No","No","","0000-00-00","2015-04-12 18:19:45",
"39619","Virtua Fighter 3tb (black disc)","Sega Dreamcast [EU]","","No","No","No","No","","0000-00-00","2021-04-29 16:42:47",
"46308","Virtua Fighter 4","PlayStation 2 [EU]","","No","No","No","No","","0000-00-00","2024-08-24 17:55:59",
"43934","Virtua Fighter 4 Evolution","PlayStation 2 [EU]","","No","No","No","No","0.00","0000-00-00","2015-04-15 17:45:13",
"147","Virtua Fighter 5","Xbox 360 [EU]","","No","No","No","No","0.00","0000-00-00","2015-04-15 13:23:54",
"46742","Virtua Fighter Kids","Sega Saturn [EU]","","No","No","No","No","","0000-00-00","2015-04-12 18:19:45",
"49443","Virtua Striker 2 Ver. 2000.1","Sega Dreamcast [EU]","","No","No","No","No","","0000-00-00","2015-04-12 18:16:23",
"18505","Virtua Tennis","Sega Dreamcast [EU]","","No","No","No","No","","0000-00-00","2015-04-12 18:16:23",
"39621","Virtua Tennis 2","Sega Dreamcast [EU]","","No","No","No","No","","0000-00-00","2015-04-12 18:16:23",
"48094","Wet [UK]","Xbox 360 [EU]","","No","No","No","No","0.00","0000-00-00","2015-04-12 18:14:31",
"19677","Wii Sports","Wii [EU]","","No","No","No","No","","0000-00-00","2024-08-24 17:58:32",
"75873","Wii Sports Resort","Wii [EU]","","No","No","No","No","","0000-00-00","2021-07-10 15:03:23",
"136428","Wipeout: Omega Collection (slipcover)","PlayStation 4 [EU]","","No","No","No","No","","0000-00-00","2019-12-07 12:20:19",
"62687","WWE Smackdown vs Raw 2007","PlayStation 2 [EU]","","No","No","No","No","","0000-00-00","2024-08-24 17:55:06",
"82222","WWE SmackDown! Here Comes the Pain - Platinum","PlayStation 2 [EU]","","No","No","No","No","0.00","0000-00-00","2015-04-18 16:40:07",
"62694","WWE SmackDown! vs Raw 2006","PlayStation 2 [EU]","","No","No","No","No","","0000-00-00","2024-09-14 11:01:43",
"42696","WWE SmackDown! vs. Raw","PlayStation 2 [EU]","","No","No","No","No","","0000-00-00","2024-09-14 11:01:43",
"45505","Xbox Live Arcade Compilation Disc","Xbox 360 [EU]","","No","No","No","No","","0000-00-00","2022-03-31 08:05:06",
"45504","Xbox Live Arcade Unplugged Volume 1","Xbox 360 [EU]","","No","No","No","No","","0000-00-00","2022-03-31 08:05:12",
"42454","Yakuza [UK]","PlayStation 2 [EU]","","No","No","No","No","","0000-00-00","2015-04-12 18:09:59",
"111959","Yakuza 0","PlayStation 4 [EU]","","No","No","No","No","","0000-00-00","2020-06-12 12:16:47",
"19656","Yakuza 2","PlayStation 2 [EU]","","No","No","No","No","","0000-00-00","2015-04-12 18:09:59",
"15693","Yakuza 3","PlayStation 3 [EU]","","No","No","No","No","","0000-00-00","2015-04-12 18:09:59",
"15632","Yakuza 4","PlayStation 3 [EU]","","No","No","No","No","","0000-00-00","2020-06-08 13:22:26",
"136958","Yakuza 6: The Song of Life","PlayStation 4 [EU]","","No","No","No","No","","0000-00-00","2020-10-12 09:01:55",
"133713","Yakuza Kiwami","PlayStation 4 [EU]","","No","No","No","No","","0000-00-00","2021-11-18 08:45:48",
"141788","Yakuza Kiwami 2","PlayStation 4 [EU]","","No","No","No","No","","0000-00-00","2022-02-22 09:10:15",
"165908","Yakuza Remastered Collection, The (box)","PlayStation 4 [EU]","","No","No","No","No","","0000-00-00","2020-02-26 16:01:45",
"79842","Yakuza: Dead Souls","PlayStation 3 [EU]","","No","No","No","No","","0000-00-00","2021-06-02 10:35:02",
"186941","Yakuza: Like a Dragon","PlayStation 5 [EU]","","No","No","No","No","","0000-00-00","2021-11-29 12:24:43",
"117933","Yooka-Laylee","PlayStation 4 [EU]","","No","No","No","No","","0000-00-00","2021-02-03 09:00:55",
"165394","Yooka-Laylee and the Impossible Lair","PlayStation 4 [EU]","","No","No","No","No","","0000-00-00","2021-02-03 09:00:51",
"51938","Yu-Gi-Oh! Capsule Monster Coliseum","PlayStation 2 [EU]","","No","No","No","No","","0000-00-00","2021-10-25 19:01:09",
"49512","Yu-Gi-Oh! Forbidden Memories","PlayStation [EU]","","No","No","No","No","0.00","0000-00-00","2015-04-15 10:13:06",
"78152","Yu-Gi-Oh! The Duelists of the Roses (card text left) [UK]","PlayStation 2 [EU]","","No","No","No","No","0.00","0000-00-00","2015-04-15 17:43:51",
"81823","Yu-Gi-Oh! World Championship Tournament 2004","Game Boy Advance [EU]","","Yes","Yes","Yes","No","0.00","0000-00-00","2015-04-12 17:27:54",
"49578","Yu-Gi-Oh! Worldwide Edition: Stairway to the Destined Duel","Game Boy Advance [EU]","None","Yes","Yes","Yes","No","0.00","0000-00-00","2015-04-12 15:47:14",
"36936","Zone of the Enders (Metal Gear Solid 2)","PlayStation 2 [EU]","","No","No","No","No","0.00","0000-00-00","2015-04-12 15:15:01",
"20417","Zone of the Enders: The 2nd Runner: Special Edition (black PEGI rating)","PlayStation 2 [EU]","","Yes","Yes","Yes","Yes","0.00","0000-00-00","2017-01-17 08:37:02",
